customer_city,customer_state,orders_late,late_orders_respect_total_%,days_diference_mean,diagnosis
sao paulo,SP,942,6.06,6 days 09:28:35.647558386,Pocos pedidos tardíos pero desviaciones grandes: fallos puntuales de transportista
rio de janeiro,RJ,780,11.33,12 days 18:35:43.294871794,Retrasos severos: rutas largas o problemas logísticos regionales
salvador,BA,208,7.5,9 days 18:13:16.269230769,Pocos pedidos tardíos pero desviaciones grandes: fallos puntuales de transportista
belo horizonte,MG,166,7.79,6 days 19:16:06.216867469,Pocos pedidos tardíos pero desviaciones grandes: fallos puntuales de transportista
porto alegre,RS,158,10.39,9 days 19:06:22.715189873,Pocos pedidos tardíos pero desviaciones grandes: fallos puntuales de transportista
brasilia,DF,147,10.18,6 days 15:19:53.836734693,Pocos pedidos tardíos pero desviaciones grandes: fallos puntuales de transportista
campinas,SP,143,10.37,6 days 19:15:24.930069930,Pocos pedidos tardíos pero desviaciones grandes: fallos puntuales de transportista
fortaleza,CE,111,8.92,14 days 13:02:09.702702702,Retrasos severos: rutas largas o problemas logísticos regionales
niteroi,RJ,103,8.66,13 days 03:37:01.466019417,Retrasos severos: rutas largas o problemas logísticos regionales
sao goncalo,RJ,96,10.23,12 days 03:29:19.427083333,Retrasos severos: rutas largas o problemas logísticos regionales
recife,PE,79,9.31,11 days 17:48:31.126582278,Retrasos severos: rutas largas o problemas logísticos regionales
goiania,GO,76,9.55,8 days 01:15:12.513157894,Pocos pedidos tardíos pero desviaciones grandes: fallos puntuales de transportista
sao luis,MA,75,10.05,8 days 02:02:34.880000,Pocos pedidos tardíos pero desviaciones grandes: fallos puntuales de transportista
curitiba,PR,74,10.38,7 days 13:49:17.891891891,Pocos pedidos tardíos pero desviaciones grandes: fallos puntuales de transportista
guarulhos,SP,72,10.4,5 days 13:45:49.486111111,Pocos pedidos tardíos pero desviaciones grandes: fallos puntuales de transportista
florianopolis,SC,71,10.27,7 days 03:45:13.450704225,Pocos pedidos tardíos pero desviaciones grandes: fallos puntuales de transportista
maceio,AL,70,10.7,9 days 23:21:39.728571428,Pocos pedidos tardíos pero desviaciones grandes: fallos puntuales de transportista
santos,SP,65,10.27,6 days 01:09:03.969230769,Pocos pedidos tardíos pero desviaciones grandes: fallos puntuales de transportista
teresina,PI,60,9.79,13 days 10:24:38.683333333,Retrasos severos: rutas largas o problemas logísticos regionales
nova iguacu,RJ,57,10.0,10 days 15:34:43.736842105,Retrasos severos: rutas largas o problemas logísticos regionales
sao bernardo do campo,SP,57,10.09,9 days 01:47:39.491228070,Pocos pedidos tardíos pero desviaciones grandes: fallos puntuales de transportista
vila velha,ES,50,9.8,9 days 18:18:56.160000,Pocos pedidos tardíos pero desviaciones grandes: fallos puntuales de transportista
serra,ES,43,9.71,8 days 12:18:44.279069767,Pocos pedidos tardíos pero desviaciones grandes: fallos puntuales de transportista
vitoria,ES,43,9.73,5 days 20:26:37.837209302,Pocos pedidos tardíos pero desviaciones grandes: fallos puntuales de transportista
belem,PA,42,9.7,13 days 08:40:54.714285714,Retrasos severos: rutas largas o problemas logísticos regionales
macae,RJ,42,9.84,15 days 11:18:48.142857142,Retrasos severos: rutas largas o problemas logísticos regionales
volta redonda,RJ,41,9.62,10 days 11:25:17.170731707,Retrasos severos: rutas largas o problemas logísticos regionales
sao jose dos campos,SP,40,9.78,4 days 22:13:30.300000,Pocos pedidos tardíos pero desviaciones grandes: fallos puntuales de transportista
campo grande,MS,38,9.92,7 days 05:05:35.184210526,Pocos pedidos tardíos pero desviaciones grandes: fallos puntuales de transportista
osasco,SP,35,9.23,5 days 19:06:30.342857142,Pocos pedidos tardíos pero desviaciones grandes: fallos puntuales de transportista
campos dos goytacazes,RJ,34,9.09,10 days 20:52:37.588235294,Retrasos severos: rutas largas o problemas logísticos regionales
jundiai,SP,33,8.94,7 days 19:29:07.878787878,Pocos pedidos tardíos pero desviaciones grandes: fallos puntuales de transportista
duque de caxias,RJ,32,9.07,9 days 14:54:06.562500,Pocos pedidos tardíos pero desviaciones grandes: fallos puntuales de transportista
santo andre,SP,31,9.25,7 days 04:46:37.903225806,Pocos pedidos tardíos pero desviaciones grandes: fallos puntuales de transportista
petropolis,RJ,30,8.98,11 days 23:22:41.133333333,Retrasos severos: rutas largas o problemas logísticos regionales
nova friburgo,RJ,30,9.15,20 days 01:00:40.100000,Retrasos severos: rutas largas o problemas logísticos regionales
hortolandia,SP,30,9.29,6 days 10:05:31.933333333,Pocos pedidos tardíos pero desviaciones grandes: fallos puntuales de transportista
aracaju,SE,29,9.06,15 days 05:09:10.310344827,Retrasos severos: rutas largas o problemas logísticos regionales
maua,SP,29,9.32,8 days 03:46:24.586206896,Pocos pedidos tardíos pero desviaciones grandes: fallos puntuales de transportista
joao pessoa,PB,29,9.48,9 days 19:13:09.862068965,Pocos pedidos tardíos pero desviaciones grandes: fallos puntuales de transportista
praia grande,SP,28,9.46,12 days 13:02:48.750000,Retrasos severos: rutas largas o problemas logísticos regionales
sao joao de meriti,RJ,27,9.44,16 days 02:34:06.333333333,Retrasos severos: rutas largas o problemas logísticos regionales
contagem,MG,27,9.47,6 days 21:35:15.666666666,Pocos pedidos tardíos pero desviaciones grandes: fallos puntuales de transportista
cabo frio,RJ,27,9.61,10 days 11:12:57.407407407,Retrasos severos: rutas largas o problemas logísticos regionales
rio das ostras,RJ,27,9.64,19 days 14:14:36.666666666,Retrasos severos: rutas largas o problemas logísticos regionales
sao jose,SC,26,9.39,9 days 15:36:11.269230769,Pocos pedidos tardíos pero desviaciones grandes: fallos puntuales de transportista
sorocaba,SP,25,9.16,3 days 03:32:48.960000,Pocos pedidos tardíos pero desviaciones grandes: fallos puntuales de transportista
juiz de fora,MG,25,9.23,7 days 18:05:26.600000,Pocos pedidos tardíos pero desviaciones grandes: fallos puntuales de transportista
joinville,SC,24,8.89,9 days 11:35:45.916666666,Pocos pedidos tardíos pero desviaciones grandes: fallos puntuales de transportista
diadema,SP,23,8.65,8 days 09:17:00.347826087,Pocos pedidos tardíos pero desviaciones grandes: fallos puntuales de transportista
barra mansa,RJ,22,8.33,7 days 23:34:24.045454545,Pocos pedidos tardíos pero desviaciones grandes: fallos puntuales de transportista
resende,RJ,22,8.59,11 days 09:35:11.590909090,Retrasos severos: rutas largas o problemas logísticos regionales
natal,RN,22,8.8,12 days 23:16:42.636363636,Retrasos severos: rutas largas o problemas logísticos regionales
sumare,SP,22,8.87,7 days 05:09:13.818181818,Pocos pedidos tardíos pero desviaciones grandes: fallos puntuales de transportista
canoas,RS,21,8.5,7 days 11:51:55.142857142,Pocos pedidos tardíos pero desviaciones grandes: fallos puntuales de transportista
marica,RJ,21,8.75,11 days 07:47:38.238095238,Retrasos severos: rutas largas o problemas logísticos regionales
barueri,SP,21,8.79,8 days 19:23:55.761904761,Pocos pedidos tardíos pero desviaciones grandes: fallos puntuales de transportista
carapicuiba,SP,20,8.4,5 days 18:02:05.700000,Pocos pedidos tardíos pero desviaciones grandes: fallos puntuales de transportista
ribeirao preto,SP,19,8.05,6 days 03:15:46.421052631,Pocos pedidos tardíos pero desviaciones grandes: fallos puntuales de transportista
itaquaquecetuba,SP,19,8.12,9 days 00:55:36.315789473,Pocos pedidos tardíos pero desviaciones grandes: fallos puntuales de transportista
sao vicente,SP,19,8.19,26 days 23:41:52,Retrasos severos: rutas largas o problemas logísticos regionales
sao vicente,SP,19,8.19,9 days 12:39:39.421052631,Pocos pedidos tardíos pero desviaciones grandes: fallos puntuales de transportista
cuiaba,MT,18,7.96,11 days 08:37:10.111111111,Retrasos severos: rutas largas o problemas logísticos regionales
americana,SP,18,8.0,3 days 03:57:57.222222222,Pocos pedidos tardíos pero desviaciones grandes: fallos puntuales de transportista
caxias do sul,RS,18,8.04,6 days 10:09:47.611111111,Pocos pedidos tardíos pero desviaciones grandes: fallos puntuales de transportista
teresopolis,RJ,17,7.59,13 days 22:11:34.235294117,Retrasos severos: rutas largas o problemas logísticos regionales
balneario camboriu,SC,16,7.58,7 days 13:26:53.875000,Pocos pedidos tardíos pero desviaciones grandes: fallos puntuales de transportista
itajai,SC,15,7.14,7 days 05:50:22.533333333,Pocos pedidos tardíos pero desviaciones grandes: fallos puntuales de transportista
santa maria,RS,15,7.25,56 days 05:12:09,Retrasos severos: rutas largas o problemas logísticos regionales
santa maria,RS,15,7.25,17 days 11:07:26.266666666,Retrasos severos: rutas largas o problemas logísticos regionales
rio grande,RS,15,7.39,9 days 10:20:08.866666666,Pocos pedidos tardíos pero desviaciones grandes: fallos puntuales de transportista
chapeco,SC,15,7.65,8 days 04:59:58.400000,Pocos pedidos tardíos pero desviaciones grandes: fallos puntuales de transportista
santarem,PA,15,7.73,10 days 22:54:02,Retrasos severos: rutas largas o problemas logísticos regionales
maringa,PR,15,7.73,6 days 00:18:01.866666666,Pocos pedidos tardíos pero desviaciones grandes: fallos puntuales de transportista
uberlandia,MG,15,7.85,7 days 13:08:24.866666666,Pocos pedidos tardíos pero desviaciones grandes: fallos puntuales de transportista
cariacica,ES,14,7.37,9 days 02:59:30,Pocos pedidos tardíos pero desviaciones grandes: fallos puntuales de transportista
mogi das cruzes,SP,14,7.45,8 days 01:33:16.214285714,Pocos pedidos tardíos pero desviaciones grandes: fallos puntuales de transportista
palmas,TO,14,7.53,4 days 20:41:21.500000,Pocos pedidos tardíos pero desviaciones grandes: fallos puntuales de transportista
palmas,TO,14,7.53,0 days 18:48:18,Pocos pedidos tardíos pero desviaciones grandes: fallos puntuales de transportista
angra dos reis,RJ,14,7.57,9 days 02:29:51.500000,Pocos pedidos tardíos pero desviaciones grandes: fallos puntuales de transportista
nilopolis,RJ,14,7.57,9 days 16:02:27.642857142,Pocos pedidos tardíos pero desviaciones grandes: fallos puntuales de transportista
olinda,PE,14,7.65,12 days 00:31:48.428571428,Retrasos severos: rutas largas o problemas logísticos regionales
armacao dos buzios,RJ,13,7.1,9 days 20:49:32.307692307,Pocos pedidos tardíos pero desviaciones grandes: fallos puntuales de transportista
feira de santana,BA,13,7.56,5 days 15:48:03.769230769,Pocos pedidos tardíos pero desviaciones grandes: fallos puntuales de transportista
sao jose do rio preto,SP,13,7.6,8 days 17:06:17.076923076,Pocos pedidos tardíos pero desviaciones grandes: fallos puntuales de transportista
sao caetano do sul,SP,13,7.65,9 days 18:00:26.307692307,Pocos pedidos tardíos pero desviaciones grandes: fallos puntuales de transportista
cachoeiro de itapemirim,ES,13,7.69,9 days 13:31:35.692307692,Pocos pedidos tardíos pero desviaciones grandes: fallos puntuales de transportista
camacari,BA,13,7.88,11 days 13:18:08.538461538,Retrasos severos: rutas largas o problemas logísticos regionales
blumenau,SC,13,7.98,5 days 15:40:47.769230769,Pocos pedidos tardíos pero desviaciones grandes: fallos puntuales de transportista
taboao da serra,SP,13,8.07,3 days 23:19:53,Pocos pedidos tardíos pero desviaciones grandes: fallos puntuales de transportista
ilheus,BA,12,7.45,11 days 05:01:11.750000,Retrasos severos: rutas largas o problemas logísticos regionales
suzano,SP,12,7.55,6 days 20:51:23.833333333,Pocos pedidos tardíos pero desviaciones grandes: fallos puntuales de transportista
palhoca,SC,12,7.74,10 days 06:00:11.083333333,Retrasos severos: rutas largas o problemas logísticos regionales
pelotas,RS,12,7.79,10 days 13:10:12.416666666,Retrasos severos: rutas largas o problemas logísticos regionales
guaruja,SP,12,7.89,4 days 06:22:24.666666666,Pocos pedidos tardíos pero desviaciones grandes: fallos puntuales de transportista
embu das artes,SP,12,8.11,11 days 19:00:04.583333333,Retrasos severos: rutas largas o problemas logísticos regionales
ananindeua,PA,12,8.22,9 days 17:03:12.333333333,Pocos pedidos tardíos pero desviaciones grandes: fallos puntuales de transportista
pouso alegre,MG,12,8.28,6 days 13:01:08.583333333,Pocos pedidos tardíos pero desviaciones grandes: fallos puntuales de transportista
jacarei,SP,12,8.39,16 days 18:02:39.333333333,Retrasos severos: rutas largas o problemas logísticos regionales
itaperuna,RJ,12,8.51,11 days 07:29:52.916666666,Retrasos severos: rutas largas o problemas logísticos regionales
paulinia,SP,11,7.8,19 days 11:50:17.090909091,Retrasos severos: rutas largas o problemas logísticos regionales
sao leopoldo,RS,11,7.86,4 days 23:41:00.818181818,Pocos pedidos tardíos pero desviaciones grandes: fallos puntuales de transportista
lavras,MG,11,7.91,15 days 19:20:11.545454545,Retrasos severos: rutas largas o problemas logísticos regionales
londrina,PR,11,7.91,7 days 12:52:04.818181818,Pocos pedidos tardíos pero desviaciones grandes: fallos puntuales de transportista
presidente prudente,SP,11,8.03,7 days 04:18:28,Pocos pedidos tardíos pero desviaciones grandes: fallos puntuales de transportista
itapevi,SP,11,8.03,9 days 15:40:24.636363636,Pocos pedidos tardíos pero desviaciones grandes: fallos puntuales de transportista
criciuma,SC,11,8.09,7 days 21:13:51.727272727,Pocos pedidos tardíos pero desviaciones grandes: fallos puntuales de transportista
betim,MG,11,8.15,7 days 23:15:41.454545454,Pocos pedidos tardíos pero desviaciones grandes: fallos puntuales de transportista
araraquara,SP,11,8.21,11 days 10:01:40.181818181,Retrasos severos: rutas largas o problemas logísticos regionales
cascavel,PR,11,8.27,5 days 20:16:47.272727272,Pocos pedidos tardíos pero desviaciones grandes: fallos puntuales de transportista
pocos de caldas,MG,10,7.63,6 days 03:55:25,Pocos pedidos tardíos pero desviaciones grandes: fallos puntuales de transportista
porto seguro,BA,10,7.69,10 days 09:07:46.300000,Retrasos severos: rutas largas o problemas logísticos regionales
maracanau,CE,10,7.81,7 days 11:08:50.700000,Pocos pedidos tardíos pero desviaciones grandes: fallos puntuales de transportista
itapecerica da serra,SP,10,8.0,4 days 13:33:14.300000,Pocos pedidos tardíos pero desviaciones grandes: fallos puntuales de transportista
atibaia,SP,10,8.13,6 days 07:36:48.200000,Pocos pedidos tardíos pero desviaciones grandes: fallos puntuales de transportista
valinhos,SP,10,8.13,3 days 01:42:11,Pocos pedidos tardíos pero desviaciones grandes: fallos puntuales de transportista
itaborai,RJ,10,8.2,14 days 09:53:33.700000,Retrasos severos: rutas largas o problemas logísticos regionales
santana de parnaiba,SP,10,8.2,4 days 12:30:26.900000,Pocos pedidos tardíos pero desviaciones grandes: fallos puntuales de transportista
belford roxo,RJ,9,7.5,15 days 21:42:10.222222222,Retrasos severos: rutas largas o problemas logísticos regionales
bauru,SP,9,7.5,4 days 08:11:38.777777777,Pocos pedidos tardíos pero desviaciones grandes: fallos puntuales de transportista
anapolis,GO,9,7.56,7 days 01:11:34.111111111,Pocos pedidos tardíos pero desviaciones grandes: fallos puntuales de transportista
aparecida de goiania,GO,9,7.69,7 days 10:28:51.666666666,Pocos pedidos tardíos pero desviaciones grandes: fallos puntuales de transportista
araxa,MG,9,7.69,4 days 12:58:38.888888888,Pocos pedidos tardíos pero desviaciones grandes: fallos puntuales de transportista
juazeiro,BA,9,7.96,16 days 13:36:27.111111111,Retrasos severos: rutas largas o problemas logísticos regionales
nova lima,MG,9,7.96,4 days 15:26:11.222222222,Pocos pedidos tardíos pero desviaciones grandes: fallos puntuales de transportista
piracicaba,SP,9,7.96,4 days 20:51:18.888888888,Pocos pedidos tardíos pero desviaciones grandes: fallos puntuales de transportista
limeira,SP,9,8.04,4 days 19:51:53.888888888,Pocos pedidos tardíos pero desviaciones grandes: fallos puntuales de transportista
lauro de freitas,BA,9,8.11,5 days 23:34:01.777777777,Pocos pedidos tardíos pero desviaciones grandes: fallos puntuales de transportista
itabuna,BA,9,8.11,10 days 15:54:26,Retrasos severos: rutas largas o problemas logísticos regionales
concordia,SC,9,8.11,6 days 01:42:59.222222222,Pocos pedidos tardíos pero desviaciones grandes: fallos puntuales de transportista
uberaba,MG,9,8.18,1 days 19:02:43,Pocos pedidos tardíos pero desviaciones grandes: fallos puntuales de transportista
uba,MG,9,8.26,7 days 00:24:53.444444444,Pocos pedidos tardíos pero desviaciones grandes: fallos puntuales de transportista
novo hamburgo,RS,9,8.26,11 days 04:54:42.555555555,Retrasos severos: rutas largas o problemas logísticos regionales
itu,SP,9,8.41,5 days 04:21:53.444444444,Pocos pedidos tardíos pero desviaciones grandes: fallos puntuales de transportista
cubatao,SP,8,7.62,5 days 05:49:19,Pocos pedidos tardíos pero desviaciones grandes: fallos puntuales de transportista
ponta grossa,PR,8,7.77,7 days 01:11:59,Pocos pedidos tardíos pero desviaciones grandes: fallos puntuales de transportista
viamao,RS,8,7.84,10 days 04:54:31.625000,Retrasos severos: rutas largas o problemas logísticos regionales
conselheiro lafaiete,MG,8,7.92,9 days 17:23:26,Pocos pedidos tardíos pero desviaciones grandes: fallos puntuales de transportista
imperatriz,MA,8,7.92,8 days 16:20:30.625000,Pocos pedidos tardíos pero desviaciones grandes: fallos puntuales de transportista
araruama,RJ,8,7.92,9 days 19:31:46.375000,Pocos pedidos tardíos pero desviaciones grandes: fallos puntuales de transportista
franca,SP,8,7.92,3 days 18:17:37.500000,Pocos pedidos tardíos pero desviaciones grandes: fallos puntuales de transportista
ferraz de vasconcelos,SP,8,8.0,3 days 16:45:27.500000,Pocos pedidos tardíos pero desviaciones grandes: fallos puntuales de transportista
taubate,SP,8,8.0,11 days 14:32:24,Retrasos severos: rutas largas o problemas logísticos regionales
dourados,MS,8,8.0,6 days 15:16:48.750000,Pocos pedidos tardíos pero desviaciones grandes: fallos puntuales de transportista
sao carlos,SP,8,8.16,7 days 04:06:23.250000,Pocos pedidos tardíos pero desviaciones grandes: fallos puntuales de transportista
sao carlos,SP,8,8.16,4 days 16:24:55,Pocos pedidos tardíos pero desviaciones grandes: fallos puntuales de transportista
alagoinhas,BA,8,8.16,8 days 14:04:49.250000,Pocos pedidos tardíos pero desviaciones grandes: fallos puntuales de transportista
lages,SC,8,8.16,9 days 20:41:13.375000,Pocos pedidos tardíos pero desviaciones grandes: fallos puntuales de transportista
luis eduardo magalhaes,BA,8,8.25,7 days 03:31:58.250000,Pocos pedidos tardíos pero desviaciones grandes: fallos puntuales de transportista
jaboatao dos guararapes,PE,8,8.42,6 days 18:29:48.375000,Pocos pedidos tardíos pero desviaciones grandes: fallos puntuales de transportista
indaiatuba,SP,8,8.42,4 days 10:35:58.875000,Pocos pedidos tardíos pero desviaciones grandes: fallos puntuales de transportista
ipatinga,MG,8,8.42,12 days 10:54:27.375000,Retrasos severos: rutas largas o problemas logísticos regionales
guarapari,ES,8,8.51,5 days 01:36:32.875000,Pocos pedidos tardíos pero desviaciones grandes: fallos puntuales de transportista
araguaina,TO,8,8.51,9 days 02:37:02.375000,Pocos pedidos tardíos pero desviaciones grandes: fallos puntuales de transportista
guanambi,BA,8,8.6,8 days 10:25:07.125000,Pocos pedidos tardíos pero desviaciones grandes: fallos puntuales de transportista
bage,RS,8,8.6,5 days 13:47:01.875000,Pocos pedidos tardíos pero desviaciones grandes: fallos puntuales de transportista
saquarema,RJ,7,7.53,14 days 18:26:57.857142857,Retrasos severos: rutas largas o problemas logísticos regionales
montes claros,MG,7,7.53,5 days 09:16:20.428571428,Pocos pedidos tardíos pero desviaciones grandes: fallos puntuales de transportista
campina grande,PB,7,7.61,7 days 19:52:26.142857142,Pocos pedidos tardíos pero desviaciones grandes: fallos puntuales de transportista
caraguatatuba,SP,7,7.69,10 days 06:12:31.142857142,Retrasos severos: rutas largas o problemas logísticos regionales
cotia,SP,7,7.87,2 days 04:04:02.714285714,Pocos pedidos tardíos pero desviaciones grandes: fallos puntuales de transportista
mairipora,SP,7,7.87,2 days 10:36:46.857142857,Pocos pedidos tardíos pero desviaciones grandes: fallos puntuales de transportista
mesquita,RJ,7,7.87,13 days 10:18:26.428571428,Retrasos severos: rutas largas o problemas logísticos regionales
guaratingueta,SP,7,7.87,9 days 06:21:30.571428571,Pocos pedidos tardíos pero desviaciones grandes: fallos puntuales de transportista
araras,SP,7,7.95,2 days 11:28:06.285714285,Pocos pedidos tardíos pero desviaciones grandes: fallos puntuales de transportista
toledo,PR,7,8.05,4 days 02:15:30.571428571,Pocos pedidos tardíos pero desviaciones grandes: fallos puntuales de transportista
sao pedro da aldeia,RJ,7,8.24,16 days 01:48:12.857142857,Retrasos severos: rutas largas o problemas logísticos regionales
santa rita do sapucai,MG,7,8.24,8 days 19:00:40.142857142,Pocos pedidos tardíos pero desviaciones grandes: fallos puntuales de transportista
jaragua do sul,SC,7,8.24,8 days 18:33:23.571428571,Pocos pedidos tardíos pero desviaciones grandes: fallos puntuales de transportista
foz do iguacu,PR,6,7.06,2 days 10:28:39.833333333,Pocos pedidos tardíos pero desviaciones grandes: fallos puntuales de transportista
esteio,RS,6,7.14,10 days 10:53:23.333333333,Retrasos severos: rutas largas o problemas logísticos regionales
iguaba grande,RJ,6,7.14,5 days 21:14:53.500000,Pocos pedidos tardíos pero desviaciones grandes: fallos puntuales de transportista
tres lagoas,MS,6,7.14,12 days 05:00:15.500000,Retrasos severos: rutas largas o problemas logísticos regionales
sinop,MT,6,7.23,9 days 14:01:19.333333333,Pocos pedidos tardíos pero desviaciones grandes: fallos puntuales de transportista
sobral,CE,6,7.23,16 days 01:18:37.333333333,Retrasos severos: rutas largas o problemas logísticos regionales
patos de minas,MG,6,7.32,6 days 08:01:48.833333333,Pocos pedidos tardíos pero desviaciones grandes: fallos puntuales de transportista
sao joao del rei,MG,6,7.5,8 days 19:40:24,Pocos pedidos tardíos pero desviaciones grandes: fallos puntuales de transportista
sao joaquim da barra,SP,6,7.5,14 days 21:45:22.500000,Retrasos severos: rutas largas o problemas logísticos regionales
caruaru,PE,6,7.5,17 days 17:12:52,Retrasos severos: rutas largas o problemas logísticos regionales
itapetininga,SP,6,7.5,7 days 01:51:55.833333333,Pocos pedidos tardíos pero desviaciones grandes: fallos puntuales de transportista
arraial do cabo,RJ,6,7.59,13 days 04:22:26,Retrasos severos: rutas largas o problemas logísticos regionales
marilia,SP,6,7.59,5 days 11:00:48.166666666,Pocos pedidos tardíos pero desviaciones grandes: fallos puntuales de transportista
paulista,PE,6,7.59,9 days 03:21:02,Pocos pedidos tardíos pero desviaciones grandes: fallos puntuales de transportista
pirassununga,SP,6,7.59,3 days 23:02:08.833333333,Pocos pedidos tardíos pero desviaciones grandes: fallos puntuales de transportista
mogi-guacu,SP,6,7.69,6 days 20:09:22.666666666,Pocos pedidos tardíos pero desviaciones grandes: fallos puntuales de transportista
vitoria da conquista,BA,6,7.69,8 days 19:19:35.333333333,Pocos pedidos tardíos pero desviaciones grandes: fallos puntuales de transportista
corumba,MS,6,7.79,4 days 12:40:19.166666666,Pocos pedidos tardíos pero desviaciones grandes: fallos puntuales de transportista
colatina,ES,6,7.89,6 days 17:16:40,Pocos pedidos tardíos pero desviaciones grandes: fallos puntuales de transportista
ubatuba,SP,6,7.89,11 days 02:34:16,Retrasos severos: rutas largas o problemas logísticos regionales
linhares,ES,5,6.67,10 days 04:14:36,Retrasos severos: rutas largas o problemas logísticos regionales
boa vista,RR,5,6.67,37 days 02:08:56.400000,Retrasos severos: rutas largas o problemas logísticos regionales
campo limpo paulista,SP,5,6.67,4 days 20:09:58.600000,Retraso moderado: problemas recurrentes pero no críticos
manaus,AM,5,6.67,24 days 16:24:10.400000,Retrasos severos: rutas largas o problemas logísticos regionales
caldas novas,GO,5,6.67,5 days 11:32:39,Retraso moderado: problemas recurrentes pero no críticos
cajamar,SP,5,6.67,3 days 08:36:42.200000,Retraso moderado: problemas recurrentes pero no críticos
votorantim,SP,5,6.76,2 days 06:30:16.200000,Retraso leve: problemas típicos de última hora o reparto urbano
unai,MG,5,6.76,7 days 11:30:47.800000,Retraso moderado: problemas recurrentes pero no críticos
pindamonhangaba,SP,5,6.85,6 days 14:12:34.800000,Retraso moderado: problemas recurrentes pero no críticos
lins,SP,5,6.85,10 days 17:27:16.600000,Retrasos severos: rutas largas o problemas logísticos regionales
rio claro,SP,5,6.94,8 days 17:28:30,Retraso moderado: problemas recurrentes pero no críticos
rio claro,SP,5,6.94,3 days 23:13:39.400000,Retraso moderado: problemas recurrentes pero no críticos
ribeirao pires,SP,5,6.94,8 days 00:02:14.200000,Retraso moderado: problemas recurrentes pero no críticos
guaxupe,MG,5,7.04,2 days 13:32:54.200000,Retraso leve: problemas típicos de última hora o reparto urbano
sapucaia do sul,RS,5,7.14,13 days 23:04:59.600000,Retrasos severos: rutas largas o problemas logísticos regionales
caucaia,CE,5,7.25,20 days 13:33:31.400000,Retrasos severos: rutas largas o problemas logísticos regionales
sao jose dos pinhais,PR,5,7.25,6 days 06:25:35,Retraso moderado: problemas recurrentes pero no críticos
sete lagoas,MG,5,7.25,12 days 09:00:00,Retrasos severos: rutas largas o problemas logísticos regionales
acarau,CE,5,7.35,13 days 07:57:13.400000,Retrasos severos: rutas largas o problemas logísticos regionales
tiete,SP,5,7.46,5 days 15:00:09.400000,Retraso moderado: problemas recurrentes pero no críticos
tres coracoes,MG,5,7.46,5 days 20:37:44.600000,Retraso moderado: problemas recurrentes pero no críticos
tubarao,SC,5,7.46,5 days 04:30:42.600000,Retraso moderado: problemas recurrentes pero no críticos
governador valadares,MG,5,7.58,9 days 16:34:45,Retraso moderado: problemas recurrentes pero no críticos
aracruz,ES,5,7.69,15 days 01:58:55,Retrasos severos: rutas largas o problemas logísticos regionales
arapiraca,AL,5,7.69,4 days 08:22:57.400000,Retraso moderado: problemas recurrentes pero no críticos
santa barbara d'oeste,SP,5,7.69,8 days 23:28:13,Retraso moderado: problemas recurrentes pero no críticos
bertioga,SP,5,7.69,7 days 10:21:29.600000,Retraso moderado: problemas recurrentes pero no críticos
biguacu,SC,5,7.69,4 days 07:02:40.600000,Retraso moderado: problemas recurrentes pero no críticos
porto velho,RO,5,7.69,6 days 15:33:52,Retraso moderado: problemas recurrentes pero no críticos
itaguai,RJ,5,7.69,10 days 18:35:45,Retrasos severos: rutas largas o problemas logísticos regionales
ribeirao das neves,MG,5,7.81,4 days 23:13:08.200000,Retraso moderado: problemas recurrentes pero no críticos
balsas,MA,5,7.81,7 days 21:33:51.600000,Retraso moderado: problemas recurrentes pero no críticos
itabira,MG,5,7.81,11 days 17:56:53,Retrasos severos: rutas largas o problemas logísticos regionales
santa luzia,MG,5,7.81,19 days 10:54:38,Retrasos severos: rutas largas o problemas logísticos regionales
santa luzia,MG,5,7.81,5 days 08:29:29.400000,Retraso moderado: problemas recurrentes pero no críticos
rio do sul,SC,5,7.94,8 days 13:58:04.200000,Retraso moderado: problemas recurrentes pero no críticos
paranagua,PR,5,7.94,7 days 04:34:01.800000,Retraso moderado: problemas recurrentes pero no críticos
passo fundo,RS,5,8.06,13 days 01:49:38.600000,Retrasos severos: rutas largas o problemas logísticos regionales
japeri,RJ,5,8.06,18 days 14:12:20,Retrasos severos: rutas largas o problemas logísticos regionales
itauna,MG,5,8.06,2 days 13:09:29.200000,Retraso leve: problemas típicos de última hora o reparto urbano
varzea grande,MT,4,6.45,16 days 09:28:26.750000,Retrasos severos: rutas largas o problemas logísticos regionales
vassouras,RJ,4,6.45,13 days 17:31:03.500000,Retrasos severos: rutas largas o problemas logísticos regionales
botucatu,SP,4,6.45,3 days 14:34:56.250000,Retraso moderado: problemas recurrentes pero no críticos
campo mourao,PR,4,6.56,1 days 11:11:06,Retraso leve: problemas típicos de última hora o reparto urbano
lorena,SP,4,6.67,14 days 18:46:51.750000,Retrasos severos: rutas largas o problemas logísticos regionales
ouro branco,MG,4,6.67,12 days 08:41:03.250000,Retrasos severos: rutas largas o problemas logísticos regionales
ourinhos,SP,4,6.67,3 days 06:58:06.750000,Retraso moderado: problemas recurrentes pero no críticos
nova serrana,MG,4,6.67,10 days 03:48:11.250000,Retrasos severos: rutas largas o problemas logísticos regionales
lucas do rio verde,MT,4,6.67,6 days 04:27:02,Retraso moderado: problemas recurrentes pero no críticos
louveira,SP,4,6.78,10 days 23:42:12.500000,Retrasos severos: rutas largas o problemas logísticos regionales
brusque,SC,4,6.78,7 days 03:19:41.500000,Retraso moderado: problemas recurrentes pero no críticos
ouro preto,MG,4,6.9,8 days 01:59:43.250000,Retraso moderado: problemas recurrentes pero no críticos
paracambi,RJ,4,7.02,11 days 06:19:27.250000,Retrasos severos: rutas largas o problemas logísticos regionales
miguel pereira,RJ,4,7.02,16 days 07:38:05.750000,Retrasos severos: rutas largas o problemas logísticos regionales
camaragibe,PE,4,7.14,10 days 22:52:47.500000,Retrasos severos: rutas largas o problemas logísticos regionales
manhuacu,MG,4,7.14,4 days 04:53:56.750000,Retraso moderado: problemas recurrentes pero no críticos
mage,RJ,4,7.14,23 days 18:54:24.750000,Retrasos severos: rutas largas o problemas logísticos regionales
paracatu,MG,4,7.14,11 days 09:18:24.250000,Retrasos severos: rutas largas o problemas logísticos regionales
nossa senhora do socorro,SE,4,7.27,13 days 16:19:18.500000,Retrasos severos: rutas largas o problemas logísticos regionales
caieiras,SP,4,7.27,8 days 02:55:03.750000,Retraso moderado: problemas recurrentes pero no críticos
mossoro,RN,4,7.41,5 days 00:57:47.500000,Retraso moderado: problemas recurrentes pero no críticos
monte mor,SP,4,7.41,9 days 22:53:45.250000,Retraso moderado: problemas recurrentes pero no críticos
monte siao,MG,4,7.41,4 days 19:28:24.250000,Retraso moderado: problemas recurrentes pero no críticos
cambui,MG,4,7.41,9 days 17:49:00.750000,Retraso moderado: problemas recurrentes pero no críticos
valenca,RJ,4,7.41,40 days 18:42:14.750000,Retrasos severos: rutas largas o problemas logísticos regionales
valenca,RJ,4,7.41,6 days 08:10:27.250000,Retraso moderado: problemas recurrentes pero no críticos
valenca,BA,4,7.41,40 days 18:42:14.750000,Retrasos severos: rutas largas o problemas logísticos regionales
valenca,BA,4,7.41,6 days 08:10:27.250000,Retraso moderado: problemas recurrentes pero no críticos
videira,SC,4,7.41,22 days 05:12:13.500000,Retrasos severos: rutas largas o problemas logísticos regionales
vera cruz,BA,4,7.41,28 days 15:30:11.250000,Retrasos severos: rutas largas o problemas logísticos regionales
vera cruz,BA,4,7.41,9 days 23:24:47,Retraso moderado: problemas recurrentes pero no críticos
alvorada,RS,4,7.41,4 days 13:05:23.500000,Retraso moderado: problemas recurrentes pero no críticos
alvorada,RS,4,7.41,0 days 00:59:25,Retraso leve: problemas típicos de última hora o reparto urbano
altamira,PA,4,7.55,8 days 23:37:29,Retraso moderado: problemas recurrentes pero no críticos
birigui,SP,4,7.55,2 days 06:05:33.750000,Retraso leve: problemas típicos de última hora o reparto urbano
porto real,RJ,4,7.55,20 days 08:25:34.500000,Retrasos severos: rutas largas o problemas logísticos regionales
jandira,SP,4,7.55,5 days 03:45:33.250000,Retraso moderado: problemas recurrentes pero no críticos
parnamirim,RN,4,7.55,8 days 10:19:52.250000,Retraso moderado: problemas recurrentes pero no críticos
santa cruz do sul,RS,4,7.69,7 days 08:41:25.500000,Retraso moderado: problemas recurrentes pero no críticos
santa ines,MA,4,7.69,13 days 17:03:44,Retrasos severos: rutas largas o problemas logísticos regionales
santa ines,MA,4,7.69,8 days 17:35:27,Retraso moderado: problemas recurrentes pero no críticos
santa teresa,ES,4,7.69,10 days 11:17:12.750000,Retrasos severos: rutas largas o problemas logísticos regionales
barbacena,MG,4,7.69,4 days 00:01:08.250000,Retraso moderado: problemas recurrentes pero no críticos
barra do pirai,RJ,4,7.69,21 days 05:23:26,Retrasos severos: rutas largas o problemas logísticos regionales
presidente venceslau,SP,4,7.69,5 days 18:10:02.500000,Retraso moderado: problemas recurrentes pero no críticos
rondonopolis,MT,4,7.84,8 days 13:47:04.250000,Retraso moderado: problemas recurrentes pero no críticos
piedade,SP,4,7.84,1 days 08:40:35.750000,Retraso leve: problemas típicos de última hora o reparto urbano
jequie,BA,4,7.84,38 days 05:43:23,Retrasos severos: rutas largas o problemas logísticos regionales
juazeiro do norte,CE,4,8.0,6 days 13:27:28.750000,Retraso moderado: problemas recurrentes pero no críticos
paraty,RJ,4,8.0,15 days 11:42:39.750000,Retrasos severos: rutas largas o problemas logísticos regionales
parauapebas,PA,4,8.0,3 days 12:22:08.750000,Retraso moderado: problemas recurrentes pero no críticos
itupeva,SP,4,8.0,5 days 11:14:02.750000,Retraso moderado: problemas recurrentes pero no críticos
araucaria,PR,4,8.0,7 days 17:43:26.750000,Retraso moderado: problemas recurrentes pero no críticos
sao jose do rio pardo,SP,4,8.0,14 days 01:53:33.750000,Retrasos severos: rutas largas o problemas logísticos regionales
salto,SP,4,8.0,53 days 07:51:50.250000,Retrasos severos: rutas largas o problemas logísticos regionales
sumidouro,RJ,4,8.16,9 days 11:36:17.750000,Retraso moderado: problemas recurrentes pero no críticos
guaira,SP,4,8.33,3 days 03:56:20.500000,Retraso moderado: problemas recurrentes pero no críticos
sao mateus,ES,4,8.33,19 days 07:43:18.250000,Retrasos severos: rutas largas o problemas logísticos regionales
catu,BA,4,8.33,9 days 11:25:45,Retraso moderado: problemas recurrentes pero no críticos
avare,SP,4,8.33,20 days 02:14:25.250000,Retrasos severos: rutas largas o problemas logísticos regionales
sao jose de ribamar,MA,4,8.51,10 days 02:37:23.250000,Retrasos severos: rutas largas o problemas logísticos regionales
santo antonio de padua,RJ,4,8.51,14 days 02:00:54.500000,Retrasos severos: rutas largas o problemas logísticos regionales
arapongas,PR,4,8.51,14 days 07:28:14,Retrasos severos: rutas largas o problemas logísticos regionales
tremembe,SP,4,8.51,6 days 00:34:25.250000,Retraso moderado: problemas recurrentes pero no críticos
aracatuba,SP,4,8.51,0 days 20:53:42.750000,Retraso leve: problemas típicos de última hora o reparto urbano
teofilo otoni,MG,4,8.7,3 days 23:15:56.500000,Retraso moderado: problemas recurrentes pero no críticos
tiangua,CE,4,8.7,27 days 17:37:59.750000,Retrasos severos: rutas largas o problemas logísticos regionales
tangara da serra,MT,4,8.7,8 days 04:04:25.750000,Retraso moderado: problemas recurrentes pero no críticos
francisco morato,SP,4,8.7,2 days 20:55:51.500000,Retraso leve: problemas típicos de última hora o reparto urbano
chapadao do sul,MS,4,8.7,11 days 20:26:14.500000,Retrasos severos: rutas largas o problemas logísticos regionales
floriano,PI,4,8.89,14 days 06:57:55.750000,Retrasos severos: rutas largas o problemas logísticos regionales
amparo,SP,3,6.67,11 days 01:14:36.666666666,Retrasos severos: rutas largas o problemas logísticos regionales
americo brasiliense,SP,3,6.67,7 days 03:15:48.333333333,Retraso moderado: problemas recurrentes pero no críticos
alfenas,MG,3,6.67,8 days 05:10:10,Retraso moderado: problemas recurrentes pero no críticos
varzea paulista,SP,3,6.82,15 days 09:17:52,Retrasos severos: rutas largas o problemas logísticos regionales
varginha,MG,3,6.82,11 days 06:49:48,Retrasos severos: rutas largas o problemas logísticos regionales
umuarama,PR,3,6.82,4 days 14:17:49,Retraso moderado: problemas recurrentes pero no críticos
tupa,SP,3,6.82,5 days 08:57:59.333333333,Retraso moderado: problemas recurrentes pero no críticos
tres rios,RJ,3,6.82,8 days 18:45:57.333333333,Retraso moderado: problemas recurrentes pero no críticos
trajano de moraes,RJ,3,6.82,19 days 08:06:09,Retrasos severos: rutas largas o problemas logísticos regionales
teixeira de freitas,BA,3,6.82,4 days 21:38:24.333333333,Retraso moderado: problemas recurrentes pero no críticos
sombrio,SC,3,6.82,8 days 07:34:40.333333333,Retraso moderado: problemas recurrentes pero no críticos
araguari,MG,3,6.82,6 days 10:38:26,Retraso moderado: problemas recurrentes pero no críticos
arace,ES,3,6.98,75 days 20:57:58,Retrasos severos: rutas largas o problemas logísticos regionales
apucarana,PR,3,6.98,9 days 06:24:37.333333333,Retraso moderado: problemas recurrentes pero no críticos
senges,PR,3,6.98,7 days 02:37:38.666666666,Retraso moderado: problemas recurrentes pero no críticos
sao sebastiao,SP,3,6.98,12 days 00:23:10.666666666,Retrasos severos: rutas largas o problemas logísticos regionales
sao roque,SP,3,6.98,7 days 02:32:45,Retraso moderado: problemas recurrentes pero no críticos
coxim,MS,3,7.14,14 days 07:25:13,Retrasos severos: rutas largas o problemas logísticos regionales
costa rica,MS,3,7.14,6 days 00:19:40.333333333,Retraso moderado: problemas recurrentes pero no críticos
coromandel,MG,3,7.14,14 days 06:45:31,Retrasos severos: rutas largas o problemas logísticos regionales
sao miguel do oeste,SC,3,7.14,1 days 06:15:53.666666666,Retraso leve: problemas típicos de última hora o reparto urbano
sao gabriel,RS,3,7.32,2 days 10:26:02.333333333,Retraso leve: problemas típicos de última hora o reparto urbano
sao bento do sul,SC,3,7.32,2 days 10:11:27.333333333,Retraso leve: problemas típicos de última hora o reparto urbano
santo amaro da imperatriz,SC,3,7.32,15 days 13:04:44,Retrasos severos: rutas largas o problemas logísticos regionales
santa barbara,MG,3,7.32,8 days 03:47:31,Retraso moderado: problemas recurrentes pero no críticos
rosario do sul,RS,3,7.32,3 days 20:15:39.333333333,Retraso moderado: problemas recurrentes pero no críticos
rio verde,GO,3,7.32,48 days 01:46:16,Retrasos severos: rutas largas o problemas logísticos regionales
bebedouro,SP,3,7.32,11 days 00:40:00,Retrasos severos: rutas largas o problemas logísticos regionales
barrinha,SP,3,7.32,33 days 00:54:02.666666666,Retrasos severos: rutas largas o problemas logísticos regionales
barretos,SP,3,7.32,2 days 02:44:34,Retraso leve: problemas típicos de última hora o reparto urbano
barreiras,BA,3,7.32,8 days 14:06:51.333333333,Retraso moderado: problemas recurrentes pero no críticos
barra velha,SC,3,7.5,5 days 13:41:45,Retraso moderado: problemas recurrentes pero no críticos
rio branco,AC,3,7.5,19 days 00:49:37.333333333,Retrasos severos: rutas largas o problemas logísticos regionales
colombo,PR,3,7.5,9 days 01:54:28.666666666,Retraso moderado: problemas recurrentes pero no críticos
redencao,PA,3,7.5,14 days 15:52:25,Retrasos severos: rutas largas o problemas logísticos regionales
redencao,PA,3,7.5,7 days 09:09:24.333333333,Retraso moderado: problemas recurrentes pero no críticos
raposo,RJ,3,7.5,14 days 03:27:14.333333333,Retrasos severos: rutas largas o problemas logísticos regionales
presidente dutra,MA,3,7.5,96 days 14:42:22,Retrasos severos: rutas largas o problemas logísticos regionales
presidente dutra,MA,3,7.5,15 days 07:41:00.666666666,Retrasos severos: rutas largas o problemas logísticos regionales
porto ferreira,SP,3,7.5,1 days 07:34:23.666666666,Retraso leve: problemas típicos de última hora o reparto urbano
pirai,RJ,3,7.5,24 days 00:33:01,Retrasos severos: rutas largas o problemas logísticos regionales
braganca paulista,SP,3,7.5,7 days 11:17:31.333333333,Retraso moderado: problemas recurrentes pero no críticos
bom jesus do itabapoana,RJ,3,7.5,21 days 09:59:52.333333333,Retrasos severos: rutas largas o problemas logísticos regionales
petrolina,PE,3,7.69,11 days 06:13:54,Retrasos severos: rutas largas o problemas logísticos regionales
paulo afonso,BA,3,7.69,20 days 00:12:19.333333333,Retrasos severos: rutas largas o problemas logísticos regionales
paranavai,PR,3,7.89,4 days 18:43:11.666666666,Retraso moderado: problemas recurrentes pero no críticos
paraiba do sul,RJ,3,7.89,10 days 09:20:18.666666666,Retrasos severos: rutas largas o problemas logísticos regionales
nanuque,MG,3,7.89,3 days 09:00:35,Retraso moderado: problemas recurrentes pero no críticos
cachoeirinha,RS,3,7.89,2 days 22:59:04,Retraso leve: problemas típicos de última hora o reparto urbano
caceres,MT,3,7.89,7 days 16:52:43.333333333,Retraso moderado: problemas recurrentes pero no críticos
miguel calmon,BA,3,7.89,41 days 00:51:00,Retrasos severos: rutas largas o problemas logísticos regionales
curvelo,MG,3,8.11,16 days 20:52:36.666666666,Retrasos severos: rutas largas o problemas logísticos regionales
cruzeiro,SP,3,8.11,6 days 11:29:11,Retraso moderado: problemas recurrentes pero no críticos
marechal candido rondon,PR,3,8.11,4 days 05:14:03.333333333,Retraso moderado: problemas recurrentes pero no críticos
maraba,PA,3,8.11,15 days 03:51:44,Retrasos severos: rutas largas o problemas logísticos regionales
mangaratiba,RJ,3,8.11,19 days 02:14:57,Retrasos severos: rutas largas o problemas logísticos regionales
leme,SP,3,8.11,6 days 17:03:32,Retraso moderado: problemas recurrentes pero no críticos
laguna,SC,3,8.11,4 days 02:48:49,Retraso moderado: problemas recurrentes pero no críticos
lagarto,SE,3,8.11,60 days 00:33:31.333333333,Retrasos severos: rutas largas o problemas logísticos regionales
jatai,GO,3,8.33,10 days 17:53:52.333333333,Retrasos severos: rutas largas o problemas logísticos regionales
januaria,MG,3,8.33,17 days 00:08:36,Retrasos severos: rutas largas o problemas logísticos regionales
ituiutaba,MG,3,8.33,0 days 23:56:46,Retraso leve: problemas típicos de última hora o reparto urbano
itatiaia,RJ,3,8.33,28 days 03:36:34.333333333,Retrasos severos: rutas largas o problemas logísticos regionales
carmo,RJ,3,8.33,16 days 07:57:30.333333333,Retrasos severos: rutas largas o problemas logísticos regionales
caratinga,MG,3,8.33,7 days 00:29:35.333333333,Retraso moderado: problemas recurrentes pero no críticos
itapoa,SC,3,8.33,4 days 22:29:24,Retraso moderado: problemas recurrentes pero no críticos
itanhaem,SP,3,8.33,10 days 17:50:22.333333333,Retrasos severos: rutas largas o problemas logísticos regionales
dracena,SP,3,8.33,5 days 18:42:50,Retraso moderado: problemas recurrentes pero no críticos
ipojuca,PE,3,8.33,22 days 11:03:14.333333333,Retrasos severos: rutas largas o problemas logísticos regionales
catalao,GO,3,8.33,20 days 21:03:46.666666666,Retrasos severos: rutas largas o problemas logísticos regionales
castelo,ES,3,8.57,3 days 00:37:59,Retraso moderado: problemas recurrentes pero no críticos
ico,CE,3,8.57,12 days 20:43:13,Retrasos severos: rutas largas o problemas logísticos regionales
guarapuava,PR,3,8.57,5 days 08:40:58.666666666,Retraso moderado: problemas recurrentes pero no críticos
guaiba,RS,3,8.57,12 days 01:20:26.666666666,Retrasos severos: rutas largas o problemas logísticos regionales
gravatai,RS,3,8.57,1 days 20:41:33,Retraso leve: problemas típicos de última hora o reparto urbano
forquilhinha,SC,3,8.57,4 days 02:05:14.333333333,Retraso moderado: problemas recurrentes pero no críticos
cerqueira cesar,SP,3,8.57,6 days 11:44:31.666666666,Retraso moderado: problemas recurrentes pero no críticos
erechim,RS,3,8.57,7 days 01:13:26,Retraso moderado: problemas recurrentes pero no críticos
viana,ES,3,8.57,12 days 03:57:11,Retrasos severos: rutas largas o problemas logísticos regionales
viana,ES,3,8.57,6 days 10:26:55,Retraso moderado: problemas recurrentes pero no críticos
vespasiano,MG,3,8.57,4 days 10:02:15.666666666,Retraso moderado: problemas recurrentes pero no críticos
abaetetuba,PA,3,8.57,9 days 10:35:57,Retraso moderado: problemas recurrentes pero no críticos
xinguara,PA,2,5.71,33 days 11:38:28,Retrasos severos: rutas largas o problemas logísticos regionales
xaxim,SC,2,5.71,3 days 21:55:36.500000,Retraso moderado: problemas recurrentes pero no críticos
viana,MA,2,5.71,12 days 03:57:11,Retrasos severos: rutas largas o problemas logísticos regionales
viana,MA,2,5.71,6 days 10:26:55,Retraso moderado: problemas recurrentes pero no críticos
vargem grande paulista,SP,2,5.88,4 days 18:34:37.500000,Retraso moderado: problemas recurrentes pero no críticos
conceicao do jacuipe,BA,2,5.88,3 days 19:42:39,Retraso moderado: problemas recurrentes pero no críticos
visconde de maua,RJ,2,5.88,2 days 18:53:18.500000,Retraso leve: problemas típicos de última hora o reparto urbano
vargem alta,ES,2,5.88,17 days 05:02:40,Retrasos severos: rutas largas o problemas logísticos regionales
escada,PE,2,5.88,7 days 02:50:50.500000,Retraso moderado: problemas recurrentes pero no críticos
engenheiro paulo de frontin,RJ,2,5.88,15 days 07:11:31.500000,Retrasos severos: rutas largas o problemas logísticos regionales
vila nelita,ES,2,5.88,9 days 04:53:13.500000,Retraso moderado: problemas recurrentes pero no críticos
vicosa,MG,2,5.88,16 days 05:13:15,Retrasos severos: rutas largas o problemas logísticos regionales
valparaiso de goias,GO,2,5.88,2 days 09:17:56,Retraso leve: problemas típicos de última hora o reparto urbano
valente,BA,2,6.06,3 days 11:44:36.500000,Retraso moderado: problemas recurrentes pero no críticos
uniao da vitoria,PR,2,6.06,9 days 04:39:05.500000,Retraso moderado: problemas recurrentes pero no críticos
trindade,GO,2,6.06,23 days 23:33:31,Retrasos severos: rutas largas o problemas logísticos regionales
trindade,GO,2,6.06,3 days 08:29:12,Retraso moderado: problemas recurrentes pero no críticos
tres marias,MG,2,6.06,27 days 14:49:40,Retrasos severos: rutas largas o problemas logísticos regionales
apodi,RN,2,6.06,14 days 19:10:30.500000,Retrasos severos: rutas largas o problemas logísticos regionales
aperibe,RJ,2,6.06,10 days 16:50:56,Retrasos severos: rutas largas o problemas logísticos regionales
aparecida,SP,2,6.06,3 days 09:20:45.500000,Retraso moderado: problemas recurrentes pero no críticos
trancoso,BA,2,6.25,17 days 04:26:48,Retrasos severos: rutas largas o problemas logísticos regionales
timon,MA,2,6.25,6 days 18:51:32,Retraso moderado: problemas recurrentes pero no críticos
timbo,SC,2,6.25,9 days 04:26:45,Retraso moderado: problemas recurrentes pero no críticos
tijucas,SC,2,6.25,7 days 06:51:00.500000,Retraso moderado: problemas recurrentes pero no críticos
teutonia,RS,2,6.25,77 days 05:23:23.500000,Retrasos severos: rutas largas o problemas logísticos regionales
formosa,GO,2,6.25,76 days 16:30:38.500000,Retrasos severos: rutas largas o problemas logísticos regionales
floresta,PE,2,6.45,9 days 14:53:09,Retraso moderado: problemas recurrentes pero no críticos
faxinal dos guedes,SC,2,6.45,4 days 04:54:15.500000,Retraso moderado: problemas recurrentes pero no críticos
fartura,SP,2,6.45,5 days 04:22:54,Retraso moderado: problemas recurrentes pero no críticos
eunapolis,BA,2,6.45,2 days 18:44:47.500000,Retraso leve: problemas típicos de última hora o reparto urbano
espumoso,RS,2,6.45,5 days 01:22:59,Retraso moderado: problemas recurrentes pero no críticos
taquaritinga,SP,2,6.67,2 days 03:52:12.500000,Retraso leve: problemas típicos de última hora o reparto urbano
sobradinho,BA,2,6.67,3 days 07:56:36,Retraso moderado: problemas recurrentes pero no críticos
araquari,SC,2,6.67,2 days 19:05:56.500000,Retraso leve: problemas típicos de última hora o reparto urbano
aramari,BA,2,6.67,43 days 15:10:04,Retrasos severos: rutas largas o problemas logísticos regionales
aracati,CE,2,6.67,12 days 09:03:17.500000,Retrasos severos: rutas largas o problemas logísticos regionales
seropedica,RJ,2,6.67,6 days 07:49:33,Retraso moderado: problemas recurrentes pero no críticos
serafina correa,RS,2,6.67,1 days 04:08:38,Retraso leve: problemas típicos de última hora o reparto urbano
senador canedo,GO,2,6.67,7 days 20:21:59.500000,Retraso moderado: problemas recurrentes pero no críticos
fortuna,MA,2,6.67,5 days 08:18:09.500000,Retraso moderado: problemas recurrentes pero no críticos
charqueada,SP,2,6.9,15 days 18:43:20,Retrasos severos: rutas largas o problemas logísticos regionales
cerquilho,SP,2,6.9,0 days 15:59:39.500000,Retraso leve: problemas típicos de última hora o reparto urbano
sapiranga,RS,2,6.9,0 days 10:52:44.500000,Retraso leve: problemas típicos de última hora o reparto urbano
aripuana,MT,2,6.9,5 days 18:52:35.500000,Retraso moderado: problemas recurrentes pero no críticos
areia branca dos assis,PR,2,6.9,15 days 03:51:58,Retrasos severos: rutas largas o problemas logísticos regionales
sao sebastiao do paraiso,MG,2,6.9,13 days 21:38:33,Retrasos severos: rutas largas o problemas logísticos regionales
corrente,PI,2,6.9,5 days 00:38:33,Retraso moderado: problemas recurrentes pero no críticos
congonhas,MG,2,6.9,1 days 09:52:47.500000,Retraso leve: problemas típicos de última hora o reparto urbano
conde,BA,2,6.9,7 days 09:09:18,Retraso moderado: problemas recurrentes pero no críticos
sao pedro,SP,2,6.9,5 days 14:35:30.500000,Retraso moderado: problemas recurrentes pero no críticos
sao miguel dos campos,AL,2,6.9,10 days 10:38:54,Retrasos severos: rutas largas o problemas logísticos regionales
sao mateus do sul,PR,2,6.9,0 days 12:04:45.500000,Retraso leve: problemas típicos de última hora o reparto urbano
sao luis de montes belos,GO,2,7.14,3 days 11:40:40,Retraso moderado: problemas recurrentes pero no críticos
sao lourenco da mata,PE,2,7.14,10 days 19:54:36.500000,Retrasos severos: rutas largas o problemas logísticos regionales
sao lourenco,MG,2,7.14,2 days 20:53:45.500000,Retraso leve: problemas típicos de última hora o reparto urbano
azurita,MG,2,7.14,10 days 15:19:52.500000,Retrasos severos: rutas largas o problemas logísticos regionales
glicerio,RJ,2,7.14,5 days 09:23:30.500000,Retraso moderado: problemas recurrentes pero no críticos
glicerio,RJ,2,7.14,1 days 12:18:59,Retraso leve: problemas típicos de última hora o reparto urbano
sao joao evangelista,MG,2,7.14,8 days 19:34:41.500000,Retraso moderado: problemas recurrentes pero no críticos
sao joao de pirabas,PA,2,7.14,8 days 20:27:45.500000,Retraso moderado: problemas recurrentes pero no críticos
sao joao da boa vista,SP,2,7.14,3 days 12:59:37.500000,Retraso moderado: problemas recurrentes pero no críticos
sao gotardo,MG,2,7.14,8 days 02:23:05,Retraso moderado: problemas recurrentes pero no críticos
sao gabriel da palha,ES,2,7.14,3 days 05:39:16.500000,Retraso moderado: problemas recurrentes pero no críticos
sao francisco,MG,2,7.14,4 days 10:34:16.500000,Retraso moderado: problemas recurrentes pero no críticos
sao felix do xingu,PA,2,7.14,27 days 03:18:13,Retrasos severos: rutas largas o problemas logísticos regionales
santo amaro,BA,2,7.14,8 days 04:09:33.500000,Retraso moderado: problemas recurrentes pero no críticos
barbalha,CE,2,7.14,22 days 00:58:24.500000,Retrasos severos: rutas largas o problemas logísticos regionales
santa maria da vitoria,BA,2,7.14,6 days 17:07:37,Retraso moderado: problemas recurrentes pero no críticos
santa fe do sul,SP,2,7.14,0 days 18:23:30,Retraso leve: problemas típicos de última hora o reparto urbano
salto de pirapora,SP,2,7.41,1 days 03:18:10,Retraso leve: problemas típicos de última hora o reparto urbano
salinas,MG,2,7.41,0 days 16:50:47.500000,Retraso leve: problemas típicos de última hora o reparto urbano
guarabira,PB,2,7.41,36 days 20:32:18,Retrasos severos: rutas largas o problemas logísticos regionales
goitacazes,RJ,2,7.41,4 days 21:18:54.500000,Retraso moderado: problemas recurrentes pero no críticos
goianira,GO,2,7.41,10 days 22:50:00.500000,Retrasos severos: rutas largas o problemas logísticos regionales
rio negro,PR,2,7.41,10 days 03:23:06.500000,Retrasos severos: rutas largas o problemas logísticos regionales
barras,PI,2,7.41,4 days 14:03:25.500000,Retraso moderado: problemas recurrentes pero no críticos
barra dos coqueiros,SE,2,7.41,15 days 19:10:15,Retrasos severos: rutas largas o problemas logísticos regionales
rio das flores,RJ,2,7.69,11 days 01:49:41,Retrasos severos: rutas largas o problemas logísticos regionales
rio bonito,RJ,2,7.69,16 days 03:33:04,Retrasos severos: rutas largas o problemas logísticos regionales
cicero dantas,BA,2,7.69,6 days 13:38:15.500000,Retraso moderado: problemas recurrentes pero no críticos
cristina,MG,2,7.69,8 days 16:21:22.500000,Retraso moderado: problemas recurrentes pero no críticos
rechan,SP,2,7.69,9 days 06:59:27,Retraso moderado: problemas recurrentes pero no críticos
rancharia,SP,2,7.69,8 days 18:35:40,Retraso moderado: problemas recurrentes pero no críticos
quirinopolis,GO,2,7.69,11 days 08:43:53,Retrasos severos: rutas largas o problemas logísticos regionales
queimados,RJ,2,7.69,12 days 15:34:51,Retrasos severos: rutas largas o problemas logísticos regionales
promissao,SP,2,7.69,12 days 06:06:08.500000,Retrasos severos: rutas largas o problemas logísticos regionales
presidente getulio,SC,2,7.69,2 days 12:42:31.500000,Retraso leve: problemas típicos de última hora o reparto urbano
posse,GO,2,7.69,16 days 23:08:33.500000,Retrasos severos: rutas largas o problemas logísticos regionales
holambra ii,SP,2,7.69,7 days 13:28:45.500000,Retraso moderado: problemas recurrentes pero no críticos
guariba,SP,2,8.0,4 days 06:52:08.500000,Retraso moderado: problemas recurrentes pero no críticos
ponta pora,MS,2,8.0,5 days 05:30:26.500000,Retraso moderado: problemas recurrentes pero no críticos
poa,SP,2,8.0,7 days 05:21:48,Retraso moderado: problemas recurrentes pero no críticos
placas,PA,2,8.0,17 days 13:04:46,Retrasos severos: rutas largas o problemas logísticos regionales
piumhii,MG,2,8.0,4 days 20:08:53.500000,Retraso moderado: problemas recurrentes pero no críticos
piuma,ES,2,8.0,3 days 10:08:48,Retraso moderado: problemas recurrentes pero no críticos
bonito,PE,2,8.0,8 days 04:08:21.500000,Retraso moderado: problemas recurrentes pero no críticos
bonito,PE,2,8.0,7 days 12:43:02,Retraso moderado: problemas recurrentes pero no críticos
bom jardim,RJ,2,8.0,25 days 08:24:19,Retrasos severos: rutas largas o problemas logísticos regionales
pinhais,PR,2,8.0,7 days 07:11:32,Retraso moderado: problemas recurrentes pero no críticos
picos,PI,2,8.0,15 days 16:28:40.500000,Retrasos severos: rutas largas o problemas logísticos regionales
peruibe,SP,2,8.0,10 days 03:33:17,Retrasos severos: rutas largas o problemas logísticos regionales
pedreira,SP,2,8.33,4 days 16:34:39.500000,Retraso moderado: problemas recurrentes pero no críticos
pau dos ferros,RN,2,8.33,4 days 06:22:06.500000,Retraso moderado: problemas recurrentes pero no críticos
paty do alferes,RJ,2,8.33,21 days 08:34:01.500000,Retrasos severos: rutas largas o problemas logísticos regionales
patrocinio,MG,2,8.33,8 days 20:05:26,Retraso moderado: problemas recurrentes pero no críticos
catanduva,SP,2,8.33,12 days 18:56:02,Retrasos severos: rutas largas o problemas logísticos regionales
castanhal,PA,2,8.33,8 days 00:45:52.500000,Retraso moderado: problemas recurrentes pero no críticos
casimiro de abreu,RJ,2,8.33,17 days 17:50:31,Retrasos severos: rutas largas o problemas logísticos regionales
igarassu,PE,2,8.33,16 days 07:00:11.500000,Retrasos severos: rutas largas o problemas logísticos regionales
igaci,AL,2,8.33,9 days 06:19:17.500000,Retraso moderado: problemas recurrentes pero no críticos
icara,SC,2,8.33,1 days 16:44:56,Retraso leve: problemas típicos de última hora o reparto urbano
ibiuna,SP,2,8.33,2 days 22:45:24,Retraso leve: problemas típicos de última hora o reparto urbano
passo de torres,SC,2,8.33,2 days 17:27:01,Retraso leve: problemas típicos de última hora o reparto urbano
pariquera-acu,SP,2,8.33,5 days 20:53:06.500000,Retraso moderado: problemas recurrentes pero no críticos
parana,TO,2,8.33,4 days 20:44:17.500000,Retraso moderado: problemas recurrentes pero no críticos
paragominas,PA,2,8.33,8 days 06:43:28.500000,Retraso moderado: problemas recurrentes pero no críticos
para de minas,MG,2,8.7,2 days 05:31:44,Retraso leve: problemas típicos de última hora o reparto urbano
cabo de santo agostinho,PE,2,8.7,12 days 07:31:28.500000,Retrasos severos: rutas largas o problemas logísticos regionales
buritirama,BA,2,8.7,7 days 05:01:12.500000,Retraso moderado: problemas recurrentes pero no críticos
buritama,SP,2,8.7,14 days 07:29:06,Retrasos severos: rutas largas o problemas logísticos regionales
buerarema,BA,2,8.7,11 days 13:00:16.500000,Retrasos severos: rutas largas o problemas logísticos regionales
brumado,BA,2,8.7,2 days 10:34:43.500000,Retraso leve: problemas típicos de última hora o reparto urbano
inaciolandia,GO,2,8.7,4 days 23:20:41,Retraso moderado: problemas recurrentes pero no críticos
imbituba,SC,2,8.7,5 days 18:36:48.500000,Retraso moderado: problemas recurrentes pero no críticos
imaculada,PB,2,8.7,14 days 17:14:39.500000,Retrasos severos: rutas largas o problemas logísticos regionales
ilhabela,SP,2,9.09,5 days 00:45:04,Retraso moderado: problemas recurrentes pero no críticos
ilha de itamaraca,PE,2,9.09,6 days 19:17:48,Retraso moderado: problemas recurrentes pero no críticos
iguatu,CE,2,9.09,10 days 18:22:17,Retrasos severos: rutas largas o problemas logísticos regionales
caxias,MA,2,9.09,5 days 06:09:59.500000,Retraso moderado: problemas recurrentes pero no críticos
brejo santo,CE,2,9.09,31 days 15:47:19.500000,Retrasos severos: rutas largas o problemas logísticos regionales
palmeira,PR,2,9.09,4 days 04:03:07.500000,Retraso moderado: problemas recurrentes pero no críticos
paco do lumiar,MA,2,9.09,1 days 12:06:41,Retraso leve: problemas típicos de última hora o reparto urbano
pacajus,CE,2,9.09,10 days 04:06:50,Retrasos severos: rutas largas o problemas logísticos regionales
oliveira,MG,2,9.09,4 days 06:10:13,Retraso moderado: problemas recurrentes pero no críticos
olimpia,SP,2,9.09,1 days 04:17:47.500000,Retraso leve: problemas típicos de última hora o reparto urbano
nucleo residencial pilar,BA,2,9.09,3 days 20:50:59.500000,Retraso moderado: problemas recurrentes pero no críticos
novo gama,GO,2,9.09,2 days 04:04:24,Retraso leve: problemas típicos de última hora o reparto urbano
nova veneza,SC,2,9.09,14 days 16:13:58.500000,Retrasos severos: rutas largas o problemas logísticos regionales
inhumas,GO,2,9.09,1 days 04:09:28,Retraso leve: problemas típicos de última hora o reparto urbano
inhambupe,BA,2,9.09,35 days 10:43:01.500000,Retrasos severos: rutas largas o problemas logísticos regionales
nova odessa,SP,2,9.09,18 days 10:12:14,Retrasos severos: rutas largas o problemas logísticos regionales
nova erechim,SC,2,9.09,6 days 06:48:37,Retraso moderado: problemas recurrentes pero no críticos
navegantes,SC,2,9.09,3 days 17:39:47,Retraso moderado: problemas recurrentes pero no críticos
natividade,RJ,2,9.52,13 days 17:10:20,Retrasos severos: rutas largas o problemas logísticos regionales
caete,MG,2,9.52,14 days 01:11:59.500000,Retrasos severos: rutas largas o problemas logísticos regionales
cacule,BA,2,9.52,25 days 06:53:10.500000,Retrasos severos: rutas largas o problemas logísticos regionales
cachoeiras de macacu,RJ,2,9.52,13 days 12:12:53.500000,Retrasos severos: rutas largas o problemas logísticos regionales
cacapava,SP,2,9.52,2 days 23:59:58.500000,Retraso leve: problemas típicos de última hora o reparto urbano
cacador,SC,2,9.52,1 days 02:29:44,Retraso leve: problemas típicos de última hora o reparto urbano
muriae,MG,2,9.52,2 days 07:27:32,Retraso leve: problemas típicos de última hora o reparto urbano
montenegro,RS,2,9.52,1 days 02:53:32,Retraso leve: problemas típicos de última hora o reparto urbano
monte verde,MG,2,9.52,10 days 13:29:09,Retrasos severos: rutas largas o problemas logísticos regionales
mongagua,SP,2,9.52,7 days 14:03:55,Retraso moderado: problemas recurrentes pero no críticos
itajuba,MG,2,9.52,3 days 04:53:12.500000,Retraso moderado: problemas recurrentes pero no críticos
itaguacu,ES,2,9.52,2 days 01:33:34,Retraso leve: problemas típicos de última hora o reparto urbano
itabaiana,SE,2,9.52,13 days 01:56:29.500000,Retrasos severos: rutas largas o problemas logísticos regionales
mirassol,SP,2,9.52,7 days 17:13:21.500000,Retraso moderado: problemas recurrentes pero no críticos
marituba,PA,2,10.0,10 days 05:55:55,Retrasos severos: rutas largas o problemas logísticos regionales
currais novos,RN,2,10.0,72 days 04:22:45,Retrasos severos: rutas largas o problemas logísticos regionales
curaca,BA,2,10.0,18 days 06:22:42.500000,Retrasos severos: rutas largas o problemas logísticos regionales
campanha,MG,2,10.0,4 days 06:49:43.500000,Retraso moderado: problemas recurrentes pero no críticos
cambuci,RJ,2,10.0,27 days 19:21:45.500000,Retrasos severos: rutas largas o problemas logísticos regionales
cambe,PR,2,10.0,1 days 18:45:04,Retraso leve: problemas típicos de última hora o reparto urbano
mariana,MG,2,10.0,2 days 20:50:26.500000,Retraso leve: problemas típicos de última hora o reparto urbano
maragogi,AL,2,10.0,9 days 05:43:02.500000,Retraso moderado: problemas recurrentes pero no críticos
mandaguari,PR,2,10.0,1 days 18:55:56.500000,Retraso leve: problemas típicos de última hora o reparto urbano
maioba,MA,2,10.0,13 days 18:28:58,Retrasos severos: rutas largas o problemas logísticos regionales
machado,MG,2,10.0,0 days 15:30:32.500000,Retraso leve: problemas típicos de última hora o reparto urbano
itambe,BA,2,10.0,12 days 14:23:01.500000,Retrasos severos: rutas largas o problemas logísticos regionales
itamaraju,BA,2,10.0,4 days 16:54:51,Retraso moderado: problemas recurrentes pero no críticos
dois vizinhos,PR,2,10.0,2 days 21:38:56.500000,Retraso leve: problemas típicos de última hora o reparto urbano
dois irmaos,RS,2,10.0,5 days 17:06:08,Retraso moderado: problemas recurrentes pero no críticos
divinopolis,MG,2,10.0,2 days 16:50:48.500000,Retraso leve: problemas típicos de última hora o reparto urbano
macaubas,BA,2,10.53,8 days 04:56:54,Retraso moderado: problemas recurrentes pero no críticos
campos do jordao,SP,2,10.53,5 days 03:38:49.500000,Retraso moderado: problemas recurrentes pero no críticos
campo verde,MT,2,10.53,11 days 09:45:48.500000,Retrasos severos: rutas largas o problemas logísticos regionales
lauro muller,SC,2,10.53,8 days 13:17:39.500000,Retraso moderado: problemas recurrentes pero no críticos
lago da pedra,MA,2,10.53,2 days 13:11:00,Retraso leve: problemas típicos de última hora o reparto urbano
capinzal do norte,MA,2,10.53,78 days 18:53:47,Retrasos severos: rutas largas o problemas logísticos regionales
capao do leao,RS,2,10.53,7 days 06:36:22.500000,Retraso moderado: problemas recurrentes pero no críticos
cantagalo,RJ,2,10.53,7 days 07:40:17,Retraso moderado: problemas recurrentes pero no críticos
canarana,MT,2,10.53,17 days 19:42:38.500000,Retrasos severos: rutas largas o problemas logísticos regionales
canaa dos carajas,PA,2,10.53,34 days 03:56:31.500000,Retrasos severos: rutas largas o problemas logísticos regionales
joaquim nabuco,PE,2,10.53,5 days 11:58:22,Retraso moderado: problemas recurrentes pero no críticos
joao pinheiro,MG,2,10.53,9 days 23:05:43,Retraso moderado: problemas recurrentes pero no críticos
joacaba,SC,2,10.53,6 days 16:08:52,Retraso moderado: problemas recurrentes pero no críticos
itapolis,SP,2,10.53,41 days 19:21:32,Retrasos severos: rutas largas o problemas logísticos regionales
itapira,SP,2,10.53,31 days 06:16:33,Retrasos severos: rutas largas o problemas logísticos regionales
itaocara,RJ,2,10.53,6 days 09:05:51.500000,Retraso moderado: problemas recurrentes pero no críticos
itaoca,ES,2,10.53,3 days 23:09:07.500000,Retraso moderado: problemas recurrentes pero no críticos
jau,SP,2,10.53,3 days 18:33:59,Retraso moderado: problemas recurrentes pero no críticos
jacobina,BA,2,10.53,18 days 14:49:42,Retrasos severos: rutas largas o problemas logísticos regionales
carpina,PE,2,10.53,17 days 04:48:13,Retrasos severos: rutas largas o problemas logísticos regionales
aluminio,SP,2,10.53,9 days 08:20:11,Retraso moderado: problemas recurrentes pero no críticos
alegre,ES,2,11.11,6 days 07:32:26,Retraso moderado: problemas recurrentes pero no críticos
aguas lindas de goias,GO,2,11.11,6 days 04:27:52,Retraso moderado: problemas recurrentes pero no críticos
ze doca,MA,2,11.11,17 days 21:08:22.500000,Retrasos severos: rutas largas o problemas logísticos regionales
aguas claras,RS,1,5.56,2 days 13:38:54,Retraso leve: problemas típicos de última hora o reparto urbano
aguas de lindoia,SP,1,5.56,21 days 18:06:37,Retrasos severos: rutas largas o problemas logísticos regionales
abaete,MG,1,5.56,2 days 13:57:02,Retraso leve: problemas típicos de última hora o reparto urbano
aguai,SP,1,5.56,7 days 20:47:34,Retraso moderado: problemas recurrentes pero no críticos
agudos,SP,1,5.56,11 days 19:28:50,Retrasos severos: rutas largas o problemas logísticos regionales
esperanca,PB,1,5.56,1 days 16:36:53,Retraso leve: problemas típicos de última hora o reparto urbano
engenheiro coelho,SP,1,5.56,5 days 20:05:24,Retraso moderado: problemas recurrentes pero no críticos
eloi mendes,MG,1,5.56,7 days 13:16:37,Retraso moderado: problemas recurrentes pero no críticos
elias fausto,SP,1,5.56,20 days 16:37:58,Retrasos severos: rutas largas o problemas logísticos regionales
edeia,GO,1,5.56,8 days 17:12:36,Retraso moderado: problemas recurrentes pero no críticos
wanderley,BA,1,5.56,3 days 13:05:45,Retraso moderado: problemas recurrentes pero no críticos
vila nova,PR,1,5.56,3 days 12:33:12,Retraso moderado: problemas recurrentes pero no críticos
vila dos cabanos,PA,1,5.56,5 days 20:32:22,Retraso moderado: problemas recurrentes pero no críticos
vicosa do ceara,CE,1,5.56,5 days 08:59:48,Retraso moderado: problemas recurrentes pero no críticos
abelardo luz,SC,1,5.56,17 days 16:18:34,Retrasos severos: rutas largas o problemas logísticos regionales
vermelho novo,MG,1,5.56,6 days 04:03:15,Retraso moderado: problemas recurrentes pero no críticos
vere,PR,1,5.56,15 days 20:19:01,Retrasos severos: rutas largas o problemas logísticos regionales
valao do barro,RJ,1,5.56,11 days 21:29:56,Retrasos severos: rutas largas o problemas logísticos regionales
urutai,GO,1,5.56,0 days 15:06:43,Retraso leve: problemas típicos de última hora o reparto urbano
urussanga,SC,1,5.56,2 days 20:21:02,Retraso leve: problemas típicos de última hora o reparto urbano
uruoca,CE,1,5.56,12 days 09:44:01,Retrasos severos: rutas largas o problemas logísticos regionales
carvalhopolis,MG,1,5.56,13 days 23:36:40,Retrasos severos: rutas largas o problemas logísticos regionales
carmopolis,SE,1,5.56,12 days 23:38:31,Retrasos severos: rutas largas o problemas logísticos regionales
carius,CE,1,5.56,15 days 20:51:28,Retrasos severos: rutas largas o problemas logísticos regionales
carinhanha,BA,1,5.56,4 days 19:38:39,Retraso moderado: problemas recurrentes pero no críticos
cardoso moreira,RJ,1,5.56,1 days 19:07:05,Retraso leve: problemas típicos de última hora o reparto urbano
carapebus,RJ,1,5.56,9 days 14:44:55,Retraso moderado: problemas recurrentes pero no críticos
carangola,MG,1,5.56,7 days 00:48:19,Retraso moderado: problemas recurrentes pero no críticos
carai,MG,1,5.56,0 days 21:57:00,Retraso leve: problemas típicos de última hora o reparto urbano
capitao leonidas marques,PR,1,5.56,0 days 18:56:43,Retraso leve: problemas típicos de última hora o reparto urbano
vargem grande do soturno,ES,1,5.88,7 days 15:02:57,Retraso moderado: problemas recurrentes pero no críticos
xangri-la,RS,1,5.88,24 days 22:09:38,Retrasos severos: rutas largas o problemas logísticos regionales
werneck,RJ,1,5.88,18 days 13:38:47,Retrasos severos: rutas largas o problemas logísticos regionales
america dourada,BA,1,5.88,14 days 09:16:37,Retrasos severos: rutas largas o problemas logísticos regionales
alvorada,TO,1,5.88,4 days 13:05:23.500000,Retraso moderado: problemas recurrentes pero no críticos
alvorada,TO,1,5.88,0 days 00:59:25,Retraso leve: problemas típicos de última hora o reparto urbano
alvares florence,SP,1,5.88,0 days 16:32:05,Retraso leve: problemas típicos de última hora o reparto urbano
alto sao joao,PR,1,5.88,33 days 12:28:56,Retrasos severos: rutas largas o problemas logísticos regionales
jacareacanga,PA,1,5.88,13 days 12:24:28,Retrasos severos: rutas largas o problemas logísticos regionales
jacaraci,BA,1,5.88,16 days 19:18:44,Retrasos severos: rutas largas o problemas logísticos regionales
jaboticabal,SP,1,5.88,1 days 12:08:56,Retraso leve: problemas típicos de última hora o reparto urbano
ivoti,RS,1,5.88,0 days 15:12:19,Retraso leve: problemas típicos de última hora o reparto urbano
iuna,ES,1,5.88,0 days 22:36:39,Retraso leve: problemas típicos de última hora o reparto urbano
iturama,MG,1,5.88,5 days 13:59:41,Retraso moderado: problemas recurrentes pero no críticos
itumbiara,GO,1,5.88,0 days 18:17:23,Retraso leve: problemas típicos de última hora o reparto urbano
itororo,BA,1,5.88,10 days 15:39:48,Retrasos severos: rutas largas o problemas logísticos regionales
itirapina,SP,1,5.88,0 days 15:40:55,Retraso leve: problemas típicos de última hora o reparto urbano
itauba,MT,1,5.88,2 days 20:22:31,Retraso leve: problemas típicos de última hora o reparto urbano
itatiba,SP,1,5.88,6 days 19:16:39,Retraso moderado: problemas recurrentes pero no críticos
itatiaiucu,MG,1,5.88,23 days 18:12:45,Retrasos severos: rutas largas o problemas logísticos regionales
itariri,SP,1,5.88,1 days 20:34:27,Retraso leve: problemas típicos de última hora o reparto urbano
itarare,SP,1,5.88,3 days 21:58:38,Retraso moderado: problemas recurrentes pero no críticos
itaquirai,MS,1,5.88,7 days 22:08:40,Retraso moderado: problemas recurrentes pero no críticos
itaqui,RS,1,5.88,1 days 16:42:42,Retraso leve: problemas típicos de última hora o reparto urbano
jauru,MT,1,5.88,3 days 04:18:47,Retraso moderado: problemas recurrentes pero no críticos
jaua,BA,1,5.88,0 days 10:58:07,Retraso leve: problemas típicos de última hora o reparto urbano
jatoba,MA,1,5.88,0 days 14:07:51,Retraso leve: problemas típicos de última hora o reparto urbano
jatauba,PE,1,5.88,18 days 12:36:38,Retrasos severos: rutas largas o problemas logísticos regionales
japuiba,RJ,1,5.88,7 days 21:13:47,Retraso moderado: problemas recurrentes pero no críticos
japi,RN,1,5.88,9 days 01:55:34,Retraso moderado: problemas recurrentes pero no críticos
janduis,RN,1,6.25,2 days 21:46:56,Retraso leve: problemas típicos de última hora o reparto urbano
jandaia do sul,PR,1,6.25,15 days 15:04:33,Retrasos severos: rutas largas o problemas logísticos regionales
jales,SP,1,6.25,1 days 01:54:24,Retraso leve: problemas típicos de última hora o reparto urbano
jaguariuna,SP,1,6.25,5 days 20:57:27,Retraso moderado: problemas recurrentes pero no críticos
jaguaquara,BA,1,6.25,12 days 20:36:42,Retrasos severos: rutas largas o problemas logísticos regionales
jacutinga,MG,1,6.25,1 days 19:11:37,Retraso leve: problemas típicos de última hora o reparto urbano
jacuizinho,RS,1,6.25,4 days 12:07:24,Retraso moderado: problemas recurrentes pero no críticos
jacuipe,BA,1,6.25,1 days 10:13:54,Retraso leve: problemas típicos de última hora o reparto urbano
jacigua,ES,1,6.25,7 days 12:54:51,Retraso moderado: problemas recurrentes pero no críticos
jaciara,MT,1,6.25,0 days 00:08:44,Retraso leve: problemas típicos de última hora o reparto urbano
itapui,SP,1,6.25,7 days 18:46:43,Retraso moderado: problemas recurrentes pero no críticos
itaporanga d'ajuda,SE,1,6.25,20 days 23:58:47,Retrasos severos: rutas largas o problemas logísticos regionales
itaporanga,PB,1,6.25,8 days 11:58:40,Retraso moderado: problemas recurrentes pero no críticos
itapipoca,CE,1,6.25,52 days 23:26:34,Retrasos severos: rutas largas o problemas logísticos regionales
itapicuru,BA,1,6.25,6 days 18:46:22,Retraso moderado: problemas recurrentes pero no críticos
itapeva,SP,1,6.25,4 days 14:42:51,Retraso moderado: problemas recurrentes pero no críticos
itaperucu,PR,1,6.25,1 days 14:34:25,Retraso leve: problemas típicos de última hora o reparto urbano
itapemirim,ES,1,6.25,6 days 23:23:33,Retraso moderado: problemas recurrentes pero no críticos
itapema,SC,1,6.25,13 days 15:58:40,Retrasos severos: rutas largas o problemas logísticos regionales
itapaje,CE,1,6.25,10 days 12:55:37,Retrasos severos: rutas largas o problemas logísticos regionales
itapaci,GO,1,6.25,0 days 00:22:38,Retraso leve: problemas típicos de última hora o reparto urbano
itanhandu,MG,1,6.25,6 days 21:05:53,Retraso moderado: problemas recurrentes pero no críticos
ji-parana,RO,1,6.25,1 days 14:03:40,Retraso leve: problemas típicos de última hora o reparto urbano
jesuania,MG,1,6.25,5 days 09:30:02,Retraso moderado: problemas recurrentes pero no críticos
jeremoabo,BA,1,6.25,5 days 22:35:34,Retraso moderado: problemas recurrentes pero no críticos
jequeri,MG,1,6.25,3 days 22:51:51,Retraso moderado: problemas recurrentes pero no críticos
jucas,CE,1,6.25,6 days 16:36:37,Retraso moderado: problemas recurrentes pero no críticos
capinzal,SC,1,6.25,5 days 22:52:47,Retraso moderado: problemas recurrentes pero no críticos
capelinha,MG,1,6.67,0 days 10:05:41,Retraso leve: problemas típicos de última hora o reparto urbano
capela do alto,SP,1,6.67,14 days 22:38:23,Retrasos severos: rutas largas o problemas logísticos regionales
capela,SE,1,6.67,8 days 12:24:42,Retraso moderado: problemas recurrentes pero no críticos
capao bonito,SP,1,6.67,4 days 12:03:09,Retraso moderado: problemas recurrentes pero no críticos
canoinhas,SC,1,6.67,13 days 23:57:22,Retrasos severos: rutas largas o problemas logísticos regionales
candido mota,SP,1,6.67,1 days 11:48:38,Retraso leve: problemas típicos de última hora o reparto urbano
candido mendes,MA,1,6.67,9 days 11:19:40,Retraso moderado: problemas recurrentes pero no críticos
candeias,BA,1,6.67,10 days 12:30:03,Retrasos severos: rutas largas o problemas logísticos regionales
cananeia,SP,1,6.67,27 days 21:50:46,Retrasos severos: rutas largas o problemas logísticos regionales
joselandia,MA,1,6.67,13 days 19:20:15,Retrasos severos: rutas largas o problemas logísticos regionales
joaquim tavora,PR,1,6.67,1 days 20:47:27,Retraso leve: problemas típicos de última hora o reparto urbano
joao monlevade,MG,1,6.67,1 days 21:11:37,Retraso leve: problemas típicos de última hora o reparto urbano
joao alfredo,PE,1,6.67,6 days 14:18:53,Retraso moderado: problemas recurrentes pero no críticos
jiquirica,BA,1,6.67,14 days 21:08:30,Retrasos severos: rutas largas o problemas logísticos regionales
leoberto leal,SC,1,6.67,7 days 18:29:43,Retraso moderado: problemas recurrentes pero no críticos
lencois paulista,SP,1,6.67,13 days 14:42:17,Retrasos severos: rutas largas o problemas logísticos regionales
laurentino,SC,1,6.67,6 days 23:09:20,Retraso moderado: problemas recurrentes pero no críticos
laranjal paulista,SP,1,6.67,14 days 17:28:22,Retrasos severos: rutas largas o problemas logísticos regionales
lamim,MG,1,6.67,0 days 18:58:55,Retraso leve: problemas típicos de última hora o reparto urbano
lajeado,RS,1,6.67,7 days 20:52:37,Retraso moderado: problemas recurrentes pero no críticos
lagoa santa,MG,1,6.67,0 days 20:35:18,Retraso leve: problemas típicos de última hora o reparto urbano
lagoa salgada,RN,1,6.67,0 days 22:38:38,Retraso leve: problemas típicos de última hora o reparto urbano
lagoa grande,PE,1,6.67,3 days 14:28:03,Retraso moderado: problemas recurrentes pero no críticos
lagoa dourada,MG,1,6.67,5 days 02:28:30,Retraso moderado: problemas recurrentes pero no críticos
lagoa da confusao,TO,1,6.67,1 days 16:46:18,Retraso leve: problemas típicos de última hora o reparto urbano
lagoa da canoa,AL,1,6.67,16 days 15:09:29,Retrasos severos: rutas largas o problemas logísticos regionales
lagoa,PB,1,6.67,7 days 09:46:28,Retraso moderado: problemas recurrentes pero no críticos
juranda,PR,1,6.67,3 days 11:39:35,Retraso moderado: problemas recurrentes pero no críticos
julio de castilhos,RS,1,6.67,0 days 11:05:59,Retraso leve: problemas típicos de última hora o reparto urbano
juina,MT,1,6.67,2 days 13:09:00,Retraso leve: problemas típicos de última hora o reparto urbano
luzilandia,PI,1,6.67,3 days 18:22:44,Retraso moderado: problemas recurrentes pero no críticos
luziania,GO,1,6.67,0 days 21:05:16,Retraso leve: problemas típicos de última hora o reparto urbano
lucelia,SP,1,7.14,7 days 15:07:01,Retraso moderado: problemas recurrentes pero no críticos
campos sales,CE,1,7.14,1 days 22:47:31,Retraso leve: problemas típicos de última hora o reparto urbano
campos gerais,MG,1,7.14,3 days 13:26:57,Retraso moderado: problemas recurrentes pero no críticos
campos belos,GO,1,7.14,5 days 16:09:45,Retraso moderado: problemas recurrentes pero no críticos
campo maior,PI,1,7.14,5 days 22:25:59,Retraso moderado: problemas recurrentes pero no críticos
campo formoso,BA,1,7.14,6 days 14:03:35,Retraso moderado: problemas recurrentes pero no críticos
campo ere,SC,1,7.14,1 days 19:22:43,Retraso leve: problemas típicos de última hora o reparto urbano
campo do tenente,PR,1,7.14,8 days 15:45:14,Retraso moderado: problemas recurrentes pero no críticos
campo bom,RS,1,7.14,7 days 22:37:49,Retraso moderado: problemas recurrentes pero no críticos
campo alegre de goias,GO,1,7.14,12 days 17:20:34,Retrasos severos: rutas largas o problemas logísticos regionales
campo alegre,AL,1,7.14,4 days 08:32:07,Retraso moderado: problemas recurrentes pero no críticos
limoeiro do norte,CE,1,7.14,5 days 16:29:16,Retraso moderado: problemas recurrentes pero no críticos
limoeiro,PE,1,7.14,13 days 15:14:28,Retrasos severos: rutas largas o problemas logísticos regionales
lima duarte,MG,1,7.14,5 days 00:04:41,Retraso moderado: problemas recurrentes pero no críticos
madre de deus,BA,1,7.14,4 days 17:21:32,Retraso moderado: problemas recurrentes pero no críticos
machadinho,RS,1,7.14,29 days 19:44:30,Retrasos severos: rutas largas o problemas logísticos regionales
dumont,SP,1,7.14,0 days 13:21:49,Retraso leve: problemas típicos de última hora o reparto urbano
duas barras,RJ,1,7.14,21 days 19:46:58,Retrasos severos: rutas largas o problemas logísticos regionales
dourado,SP,1,7.14,3 days 23:18:43,Retraso moderado: problemas recurrentes pero no críticos
dores do rio preto,ES,1,7.14,19 days 17:17:37,Retrasos severos: rutas largas o problemas logísticos regionales
domingos martins,ES,1,7.14,19 days 18:15:33,Retrasos severos: rutas largas o problemas logísticos regionales
dom pedro,MA,1,7.14,1 days 21:26:30,Retraso leve: problemas típicos de última hora o reparto urbano
dom pedrito,RS,1,7.14,2 days 11:25:48,Retraso leve: problemas típicos de última hora o reparto urbano
dom macedo costa,BA,1,7.14,7 days 20:19:52,Retraso moderado: problemas recurrentes pero no críticos
dom basilio,BA,1,7.14,0 days 15:56:22,Retraso leve: problemas típicos de última hora o reparto urbano
doce grande,PR,1,7.14,5 days 18:14:28,Retraso moderado: problemas recurrentes pero no críticos
divinolandia,SP,1,7.14,1 days 11:32:59,Retraso leve: problemas típicos de última hora o reparto urbano
macapa,AP,1,7.14,144 days 16:28:58,Retrasos severos: rutas largas o problemas logísticos regionales
macambira,SE,1,7.14,6 days 18:46:50,Retraso moderado: problemas recurrentes pero no críticos
macaiba,RN,1,7.14,20 days 12:04:03,Retrasos severos: rutas largas o problemas logísticos regionales
california da barra,RJ,1,7.14,0 days 22:03:52,Retraso leve: problemas típicos de última hora o reparto urbano
maristela,SP,1,7.14,12 days 10:10:37,Retrasos severos: rutas largas o problemas logísticos regionales
marco,CE,1,7.14,11 days 16:58:36,Retrasos severos: rutas largas o problemas logísticos regionales
marcelino vieira,RN,1,7.14,49 days 17:03:25,Retrasos severos: rutas largas o problemas logísticos regionales
maravilha,AL,1,7.14,6 days 07:24:45,Retraso moderado: problemas recurrentes pero no críticos
marau,RS,1,7.14,0 days 11:41:58,Retraso leve: problemas típicos de última hora o reparto urbano
maranguape,CE,1,7.69,1 days 17:06:48,Retraso leve: problemas típicos de última hora o reparto urbano
maracaju,MS,1,7.69,0 days 22:42:04,Retraso leve: problemas típicos de última hora o reparto urbano
maracacume,MA,1,7.69,13 days 18:27:39,Retrasos severos: rutas largas o problemas logísticos regionales
mara rosa,GO,1,7.69,0 days 15:58:46,Retraso leve: problemas típicos de última hora o reparto urbano
mantena,MG,1,7.69,12 days 15:33:02,Retrasos severos: rutas largas o problemas logísticos regionales
manoel viana,RS,1,7.69,0 days 19:12:13,Retraso leve: problemas típicos de última hora o reparto urbano
manoel ribas,PR,1,7.69,6 days 15:37:30,Retraso moderado: problemas recurrentes pero no críticos
mandirituba,PR,1,7.69,2 days 17:16:27,Retraso leve: problemas típicos de última hora o reparto urbano
mamanguape,PB,1,7.69,22 days 12:59:03,Retrasos severos: rutas largas o problemas logísticos regionales
madre de deus de minas,MG,1,7.69,0 days 22:28:43,Retraso leve: problemas típicos de última hora o reparto urbano
deodapolis,MS,1,7.69,5 days 18:12:21,Retraso moderado: problemas recurrentes pero no críticos
curitibanos,SC,1,7.69,11 days 22:11:59,Retrasos severos: rutas largas o problemas logísticos regionales
cunha pora,SC,1,7.69,3 days 14:46:37,Retraso moderado: problemas recurrentes pero no críticos
cumaru,PE,1,7.69,8 days 16:07:58,Retraso moderado: problemas recurrentes pero no críticos
cubati,PB,1,7.69,13 days 09:09:58,Retrasos severos: rutas largas o problemas logísticos regionales
cruz das almas,BA,1,7.69,1 days 12:22:29,Retraso leve: problemas típicos de última hora o reparto urbano
cruz,CE,1,7.69,12 days 22:04:03,Retrasos severos: rutas largas o problemas logísticos regionales
crixas,GO,1,7.69,1 days 18:38:51,Retraso leve: problemas típicos de última hora o reparto urbano
conceicao de macabu,RJ,1,7.69,51 days 14:03:21,Retrasos severos: rutas largas o problemas logísticos regionales
conceicao da ibitipoca,MG,1,7.69,17 days 17:03:55,Retrasos severos: rutas largas o problemas logísticos regionales
campinapolis,MT,1,7.69,20 days 18:08:28,Retrasos severos: rutas largas o problemas logísticos regionales
campina da lagoa,PR,1,7.69,60 days 17:02:26,Retrasos severos: rutas largas o problemas logísticos regionales
campestre do maranhao,MA,1,7.69,7 days 14:27:59,Retraso moderado: problemas recurrentes pero no críticos
camocim,CE,1,7.69,13 days 00:54:28,Retrasos severos: rutas largas o problemas logísticos regionales
camboriu,SC,1,7.69,0 days 16:57:54,Retraso leve: problemas típicos de última hora o reparto urbano
camacan,BA,1,7.69,3 days 14:52:21,Retraso moderado: problemas recurrentes pero no críticos
miracema,RJ,1,7.69,4 days 21:19:22,Retraso moderado: problemas recurrentes pero no críticos
mimoso do sul,ES,1,7.69,0 days 18:08:38,Retraso leve: problemas típicos de última hora o reparto urbano
merces,MG,1,7.69,7 days 19:04:41,Retraso moderado: problemas recurrentes pero no críticos
mercedes,PR,1,7.69,8 days 15:16:56,Retraso moderado: problemas recurrentes pero no críticos
mendonca,SP,1,7.69,3 days 23:26:26,Retraso moderado: problemas recurrentes pero no críticos
medicilandia,PA,1,7.69,2 days 20:19:32,Retraso leve: problemas típicos de última hora o reparto urbano
medianeira,PR,1,7.69,3 days 17:45:05,Retraso moderado: problemas recurrentes pero no críticos
matoes do norte,MA,1,7.69,35 days 23:21:21,Retrasos severos: rutas largas o problemas logísticos regionales
matinhos,PR,1,7.69,0 days 23:16:22,Retraso leve: problemas típicos de última hora o reparto urbano
mateus leme,MG,1,7.69,20 days 15:51:35,Retrasos severos: rutas largas o problemas logísticos regionales
mata roma,MA,1,7.69,1 days 14:05:02,Retraso leve: problemas típicos de última hora o reparto urbano
mata de sao joao,BA,1,7.69,5 days 12:29:09,Retraso moderado: problemas recurrentes pero no críticos
martins soares,MG,1,7.69,3 days 22:28:23,Retraso moderado: problemas recurrentes pero no críticos
marmeleiro,PR,1,7.69,42 days 20:32:36,Retrasos severos: rutas largas o problemas logísticos regionales
dianopolis,TO,1,7.69,0 days 20:03:58,Retraso leve: problemas típicos de última hora o reparto urbano
desembargador otoni,MG,1,7.69,5 days 19:16:48,Retraso moderado: problemas recurrentes pero no críticos
mirassol d'oeste,MT,1,7.69,10 days 22:36:36,Retrasos severos: rutas largas o problemas logísticos regionales
diogo de vasconcelos,MG,1,7.69,1 days 16:38:43,Retraso leve: problemas típicos de última hora o reparto urbano
italva,RJ,1,7.69,15 days 14:47:40,Retrasos severos: rutas largas o problemas logísticos regionales
itaju,SP,1,7.69,1 days 16:47:23,Retraso leve: problemas típicos de última hora o reparto urbano
itaituba,PA,1,7.69,18 days 20:28:37,Retrasos severos: rutas largas o problemas logísticos regionales
itaiopolis,SC,1,7.69,6 days 18:43:41,Retraso moderado: problemas recurrentes pero no críticos
itagiba,BA,1,7.69,7 days 23:50:52,Retraso moderado: problemas recurrentes pero no críticos
itacoatiara,AM,1,7.69,1 days 22:56:30,Retraso leve: problemas típicos de última hora o reparto urbano
itacare,BA,1,7.69,81 days 15:16:57,Retrasos severos: rutas largas o problemas logísticos regionales
itabirito,MG,1,7.69,13 days 13:17:10,Retrasos severos: rutas largas o problemas logísticos regionales
itaberaba,BA,1,7.69,8 days 15:21:05,Retraso moderado: problemas recurrentes pero no críticos
itabela,BA,1,7.69,1 days 02:36:39,Retraso leve: problemas típicos de última hora o reparto urbano
itabaianinha,SE,1,8.33,2 days 16:50:48,Retraso leve: problemas típicos de última hora o reparto urbano
itaara,RS,1,8.33,1 days 17:49:38,Retraso leve: problemas típicos de última hora o reparto urbano
miranorte,TO,1,8.33,13 days 16:37:06,Retrasos severos: rutas largas o problemas logísticos regionales
mirandopolis,SP,1,8.33,0 days 13:32:16,Retraso leve: problemas típicos de última hora o reparto urbano
cabreuva,SP,1,8.33,16 days 19:24:35,Retrasos severos: rutas largas o problemas logísticos regionales
morungaba,SP,1,8.33,1 days 15:22:27,Retraso leve: problemas típicos de última hora o reparto urbano
morrinhos,CE,1,8.33,4 days 17:56:26,Retraso moderado: problemas recurrentes pero no críticos
monteiropolis,AL,1,8.33,2 days 16:09:38,Retraso leve: problemas típicos de última hora o reparto urbano
monte santo de minas,MG,1,8.33,4 days 07:32:16,Retraso moderado: problemas recurrentes pero no críticos
monte gordo,BA,1,8.33,1 days 22:23:20,Retraso leve: problemas típicos de última hora o reparto urbano
monte belo,MG,1,8.33,0 days 19:08:31,Retraso leve: problemas típicos de última hora o reparto urbano
monte azul paulista,SP,1,8.33,0 days 19:44:52,Retraso leve: problemas típicos de última hora o reparto urbano
monte alto,SP,1,8.33,0 days 13:56:52,Retraso leve: problemas típicos de última hora o reparto urbano
montanha,ES,1,8.33,181 days 14:36:39,Retrasos severos: rutas largas o problemas logísticos regionales
montadas,PB,1,8.33,2 days 18:48:37,Retraso leve: problemas típicos de última hora o reparto urbano
mombuca,SP,1,8.33,15 days 21:19:00,Retrasos severos: rutas largas o problemas logísticos regionales
mojui dos campos,PA,1,8.33,0 days 18:47:32,Retraso leve: problemas típicos de última hora o reparto urbano
moju,PA,1,8.33,7 days 14:18:32,Retraso moderado: problemas recurrentes pero no críticos
mogi mirim,SP,1,8.33,6 days 19:48:58,Retraso moderado: problemas recurrentes pero no críticos
missal,PR,1,8.33,5 days 16:33:12,Retraso moderado: problemas recurrentes pero no críticos
nova ponte,MG,1,8.33,10 days 18:51:36,Retrasos severos: rutas largas o problemas logísticos regionales
nova petropolis,RS,1,8.33,3 days 15:48:39,Retraso moderado: problemas recurrentes pero no críticos
nova luzitania,SP,1,8.33,8 days 14:49:15,Retraso moderado: problemas recurrentes pero no críticos
nova granada,SP,1,8.33,1 days 21:27:37,Retraso leve: problemas típicos de última hora o reparto urbano
nova canaa,BA,1,8.33,13 days 04:28:23,Retrasos severos: rutas largas o problemas logísticos regionales
nova andradina,MS,1,8.33,6 days 18:05:21,Retraso moderado: problemas recurrentes pero no críticos
nova alvorada do sul,MS,1,8.33,5 days 17:47:19,Retraso moderado: problemas recurrentes pero no críticos
nipoa,SP,1,8.33,1 days 20:08:37,Retraso leve: problemas típicos de última hora o reparto urbano
navirai,MS,1,8.33,27 days 11:02:51,Retrasos severos: rutas largas o problemas logísticos regionales
nao-me-toque,RS,1,8.33,5 days 19:34:18,Retraso moderado: problemas recurrentes pero no críticos
muzambinho,MG,1,8.33,0 days 17:57:24,Retraso leve: problemas típicos de última hora o reparto urbano
mussurepe,RJ,1,8.33,17 days 11:22:57,Retrasos severos: rutas largas o problemas logísticos regionales
cajuru,SP,1,8.33,13 days 21:37:05,Retrasos severos: rutas largas o problemas logísticos regionales
caico,RN,1,8.33,0 days 17:52:20,Retraso leve: problemas típicos de última hora o reparto urbano
cachoeira do sul,RS,1,8.33,18 days 17:12:28,Retrasos severos: rutas largas o problemas logísticos regionales
cachoeira do brumado,MG,1,8.33,3 days 21:09:40,Retraso moderado: problemas recurrentes pero no críticos
irece,BA,1,8.33,7 days 12:53:50,Retraso moderado: problemas recurrentes pero no críticos
iraquara,BA,1,8.33,0 days 17:51:42,Retraso leve: problemas típicos de última hora o reparto urbano
iracemapolis,SP,1,8.33,2 days 16:35:47,Retraso leve: problemas típicos de última hora o reparto urbano
iracema,CE,1,8.33,36 days 21:16:43,Retrasos severos: rutas largas o problemas logísticos regionales
ipuiuna,MG,1,8.33,8 days 13:56:13,Retraso moderado: problemas recurrentes pero no críticos
ipueira,RN,1,8.33,4 days 17:08:46,Retraso moderado: problemas recurrentes pero no críticos
ipua,SP,1,8.33,18 days 14:58:51,Retrasos severos: rutas largas o problemas logísticos regionales
ipora do oeste,SC,1,8.33,5 days 16:35:08,Retraso moderado: problemas recurrentes pero no críticos
ipora,GO,1,8.33,2 days 16:49:02,Retraso leve: problemas típicos de última hora o reparto urbano
ipecaeta,BA,1,9.09,0 days 14:14:38,Retraso leve: problemas típicos de última hora o reparto urbano
ipaporanga,CE,1,9.09,14 days 18:36:45,Retrasos severos: rutas largas o problemas logísticos regionales
ipaba,MG,1,9.09,0 days 20:17:35,Retraso leve: problemas típicos de última hora o reparto urbano
inhuma,PI,1,9.09,2 days 22:25:15,Retraso leve: problemas típicos de última hora o reparto urbano
inhapi,AL,1,9.09,6 days 16:38:25,Retraso moderado: problemas recurrentes pero no críticos
nova redencao,BA,1,9.09,0 days 15:39:01,Retraso leve: problemas típicos de última hora o reparto urbano
nova prata do iguacu,PR,1,9.09,16 days 19:38:43,Retrasos severos: rutas largas o problemas logísticos regionales
ouroeste,SP,1,9.09,9 days 17:45:29,Retraso moderado: problemas recurrentes pero no críticos
ouro fino,MG,1,9.09,11 days 17:52:51,Retrasos severos: rutas largas o problemas logísticos regionales
ouricuri,PE,1,9.09,2 days 14:40:48,Retraso leve: problemas típicos de última hora o reparto urbano
ourem,PA,1,9.09,13 days 20:51:37,Retrasos severos: rutas largas o problemas logísticos regionales
otacilio costa,SC,1,9.09,7 days 15:29:37,Retraso moderado: problemas recurrentes pero no críticos
oroco,PE,1,9.09,0 days 18:24:58,Retraso leve: problemas típicos de última hora o reparto urbano
orizona,GO,1,9.09,10 days 20:08:53,Retrasos severos: rutas largas o problemas logísticos regionales
oliveira dos brejinhos,BA,1,9.09,6 days 17:14:50,Retraso moderado: problemas recurrentes pero no críticos
olho d'agua das flores,AL,1,9.09,5 days 23:42:03,Retraso moderado: problemas recurrentes pero no críticos
oiapoque,AP,1,9.09,0 days 08:38:54,Retraso leve: problemas típicos de última hora o reparto urbano
ocara,CE,1,9.09,4 days 12:50:38,Retraso moderado: problemas recurrentes pero no críticos
novo jardim,TO,1,9.09,1 days 16:41:41,Retraso leve: problemas típicos de última hora o reparto urbano
novo horizonte,SP,1,9.09,3 days 13:06:39,Retraso moderado: problemas recurrentes pero no críticos
novo brasil,ES,1,9.09,126 days 16:41:56,Retrasos severos: rutas largas o problemas logísticos regionales
nova venecia,ES,1,9.09,6 days 17:14:56,Retraso moderado: problemas recurrentes pero no críticos
nova russas,CE,1,9.09,3 days 15:34:45,Retraso moderado: problemas recurrentes pero no críticos
ingai,MG,1,9.09,7 days 23:28:29,Retraso moderado: problemas recurrentes pero no críticos
indiaroba,SE,1,9.09,6 days 13:42:59,Retraso moderado: problemas recurrentes pero no críticos
indianopolis,PR,1,9.09,0 days 11:41:30,Retraso leve: problemas típicos de última hora o reparto urbano
imbe,RS,1,9.09,5 days 21:17:28,Retraso moderado: problemas recurrentes pero no críticos
ilha solteira,SP,1,9.09,6 days 18:32:50,Retraso moderado: problemas recurrentes pero no críticos
ilha dos valadares,PR,1,9.09,11 days 04:04:40,Retrasos severos: rutas largas o problemas logísticos regionales
igrejinha,RS,1,9.09,11 days 18:18:36,Retrasos severos: rutas largas o problemas logísticos regionales
igreja nova,AL,1,9.09,4 days 17:23:05,Retraso moderado: problemas recurrentes pero no críticos
caxambu,MG,1,9.09,10 days 13:49:44,Retrasos severos: rutas largas o problemas logísticos regionales
brauna,SP,1,9.09,3 days 11:54:34,Retraso moderado: problemas recurrentes pero no críticos
brasilandia de minas,MG,1,9.09,2 days 01:48:52,Retraso leve: problemas típicos de última hora o reparto urbano
palmeira dos indios,AL,1,9.09,11 days 20:57:27,Retrasos severos: rutas largas o problemas logísticos regionales
palmas,PR,1,9.09,4 days 20:41:21.500000,Retraso moderado: problemas recurrentes pero no críticos
palmas,PR,1,9.09,0 days 18:48:18,Retraso leve: problemas típicos de última hora o reparto urbano
padre bernardo,GO,1,9.09,1 days 19:25:03,Retraso leve: problemas típicos de última hora o reparto urbano
pacotuba,ES,1,9.09,2 days 15:51:24,Retraso leve: problemas típicos de última hora o reparto urbano
pacaja,PA,1,9.09,26 days 15:52:29,Retrasos severos: rutas largas o problemas logísticos regionales
paraju,ES,1,9.09,1 days 13:30:14,Retraso leve: problemas típicos de última hora o reparto urbano
paraipaba,CE,1,9.09,5 days 18:18:31,Retraso moderado: problemas recurrentes pero no críticos
paraibuna,SP,1,9.09,10 days 17:58:51,Retrasos severos: rutas largas o problemas logísticos regionales
paracuru,CE,1,9.09,6 days 17:03:09,Retraso moderado: problemas recurrentes pero no críticos
papucaia,RJ,1,9.09,1 days 18:18:30,Retraso leve: problemas típicos de última hora o reparto urbano
panambi,RS,1,9.09,18 days 10:47:38,Retrasos severos: rutas largas o problemas logísticos regionales
palotina,PR,1,9.09,4 days 14:57:31,Retraso moderado: problemas recurrentes pero no críticos
palmitos,SC,1,9.09,6 days 00:42:49,Retraso moderado: problemas recurrentes pero no críticos
palmital,SP,1,9.09,17 days 18:18:28,Retrasos severos: rutas largas o problemas logísticos regionales
palmeiras de goias,GO,1,9.09,10 days 14:51:15,Retrasos severos: rutas largas o problemas logísticos regionales
cabeceira grande,MG,1,9.09,0 days 14:52:25,Retraso leve: problemas típicos de última hora o reparto urbano
buri,SP,1,9.09,7 days 12:15:35,Retraso moderado: problemas recurrentes pero no críticos
bueno brandao,MG,1,9.09,0 days 21:48:58,Retraso leve: problemas típicos de última hora o reparto urbano
brumadinho,MG,1,9.09,10 days 16:11:53,Retrasos severos: rutas largas o problemas logísticos regionales
breu branco,PA,1,9.09,15 days 15:18:34,Retrasos severos: rutas largas o problemas logísticos regionales
brejolandia,BA,1,10.0,0 days 09:49:53,Retraso leve: problemas típicos de última hora o reparto urbano
pato branco,PR,1,10.0,0 days 15:59:31,Retraso leve: problemas típicos de última hora o reparto urbano
catuipe,RS,1,10.0,3 days 17:44:07,Retraso moderado: problemas recurrentes pero no críticos
catu de abrantes,BA,1,10.0,3 days 13:48:18,Retraso moderado: problemas recurrentes pero no críticos
catende,PE,1,10.0,1 days 22:08:38,Retraso leve: problemas típicos de última hora o reparto urbano
castro,PR,1,10.0,2 days 12:54:29,Retraso leve: problemas típicos de última hora o reparto urbano
cassilandia,MS,1,10.0,1 days 21:17:58,Retraso leve: problemas típicos de última hora o reparto urbano
casa branca,SP,1,10.0,0 days 19:44:32,Retraso leve: problemas típicos de última hora o reparto urbano
igarapava,SP,1,10.0,1 days 17:36:55,Retraso leve: problemas típicos de última hora o reparto urbano
igapora,BA,1,10.0,6 days 14:25:14,Retraso moderado: problemas recurrentes pero no críticos
ibirite,MG,1,10.0,1 days 13:58:42,Retraso leve: problemas típicos de última hora o reparto urbano
passira,PE,1,10.0,15 days 02:16:58,Retrasos severos: rutas largas o problemas logísticos regionales
passa tres,RJ,1,10.0,1 days 15:27:35,Retraso leve: problemas típicos de última hora o reparto urbano
parati,RJ,1,10.0,5 days 18:44:36,Retraso moderado: problemas recurrentes pero no críticos
paraopeba,MG,1,10.0,8 days 18:56:24,Retraso moderado: problemas recurrentes pero no críticos
paranapanema,SP,1,10.0,18 days 12:53:07,Retrasos severos: rutas largas o problemas logísticos regionales
paramirim,BA,1,10.0,3 days 12:13:00,Retraso moderado: problemas recurrentes pero no críticos
piata,BA,1,10.0,2 days 19:38:00,Retraso leve: problemas típicos de última hora o reparto urbano
pesqueira,PE,1,10.0,1 days 19:52:48,Retraso leve: problemas típicos de última hora o reparto urbano
pescador,MG,1,10.0,1 days 13:22:33,Retraso leve: problemas típicos de última hora o reparto urbano
perdizes,MG,1,10.0,162 days 17:14:25,Retrasos severos: rutas largas o problemas logísticos regionales
penha,SC,1,10.0,8 days 19:28:37,Retraso moderado: problemas recurrentes pero no críticos
penedo,AL,1,10.0,2 days 23:43:48,Retraso leve: problemas típicos de última hora o reparto urbano
pedro leopoldo,MG,1,10.0,1 days 21:06:39,Retraso leve: problemas típicos de última hora o reparto urbano
pedro canario,ES,1,10.0,2 days 20:43:30,Retraso leve: problemas típicos de última hora o reparto urbano
pedras de fogo,PB,1,10.0,12 days 00:34:24,Retrasos severos: rutas largas o problemas logísticos regionales
pedra preta,MT,1,10.0,0 days 16:44:55,Retraso leve: problemas típicos de última hora o reparto urbano
pedra lavrada,PB,1,10.0,7 days 10:41:51,Retraso moderado: problemas recurrentes pero no críticos
pedra branca,PB,1,10.0,3 days 18:12:50,Retraso moderado: problemas recurrentes pero no críticos
pedra azul,MG,1,10.0,49 days 00:18:50,Retrasos severos: rutas largas o problemas logísticos regionales
pedra,PE,1,10.0,17 days 16:08:03,Retrasos severos: rutas largas o problemas logísticos regionales
peabiru,PR,1,10.0,19 days 22:47:23,Retrasos severos: rutas largas o problemas logísticos regionales
patrocinio do muriae,MG,1,10.0,9 days 23:58:38,Retraso moderado: problemas recurrentes pero no críticos
piracanjuba,GO,1,10.0,13 days 14:42:19,Retrasos severos: rutas largas o problemas logísticos regionales
piracaia,SP,1,10.0,7 days 22:44:27,Retraso moderado: problemas recurrentes pero no críticos
pio ix,PI,1,10.0,2 days 22:24:39,Retraso leve: problemas típicos de última hora o reparto urbano
pinheiro,MA,1,10.0,0 days 09:27:57,Retraso leve: problemas típicos de última hora o reparto urbano
pinheiral,RJ,1,10.0,8 days 18:38:39,Retraso moderado: problemas recurrentes pero no críticos
pinhao,SE,1,10.0,12 days 16:05:47,Retrasos severos: rutas largas o problemas logísticos regionales
pinhao,SE,1,10.0,0 days 22:19:19,Retraso leve: problemas típicos de última hora o reparto urbano
pinhao,PR,1,10.0,12 days 16:05:47,Retrasos severos: rutas largas o problemas logísticos regionales
pinhao,PR,1,10.0,0 days 22:19:19,Retraso leve: problemas típicos de última hora o reparto urbano
pinhalzinho,SP,1,10.0,17 days 18:33:03,Retrasos severos: rutas largas o problemas logísticos regionales
pinhalzinho,SP,1,10.0,0 days 13:29:15,Retraso leve: problemas típicos de última hora o reparto urbano
pinhalzinho,SC,1,10.0,17 days 18:33:03,Retrasos severos: rutas largas o problemas logísticos regionales
pinhalzinho,SC,1,10.0,0 days 13:29:15,Retraso leve: problemas típicos de última hora o reparto urbano
pindare mirim,MA,1,10.0,8 days 18:58:55,Retraso moderado: problemas recurrentes pero no críticos
pilar do sul,SP,1,10.0,1 days 17:45:59,Retraso leve: problemas típicos de última hora o reparto urbano
pilar,AL,1,10.0,13 days 15:22:18,Retrasos severos: rutas largas o problemas logísticos regionales
pien,PR,1,10.0,13 days 23:37:44,Retrasos severos: rutas largas o problemas logísticos regionales
piedade do rio grande,MG,1,10.0,0 days 00:08:58,Retraso leve: problemas típicos de última hora o reparto urbano
picui,PB,1,10.0,2 days 00:14:30,Retraso leve: problemas típicos de última hora o reparto urbano
picarras,SC,1,10.0,1 days 14:37:48,Retraso leve: problemas típicos de última hora o reparto urbano
piratuba,SC,1,10.0,6 days 16:58:27,Retraso moderado: problemas recurrentes pero no críticos
piraquara,PR,1,10.0,3 days 08:33:55,Retraso moderado: problemas recurrentes pero no críticos
pirapora do bom jesus,SP,1,10.0,1 days 01:33:01,Retraso leve: problemas típicos de última hora o reparto urbano
pirapora,MG,1,10.0,0 days 22:05:57,Retraso leve: problemas típicos de última hora o reparto urbano
piranguinho,MG,1,10.0,0 days 19:43:37,Retraso leve: problemas típicos de última hora o reparto urbano
piranga,MG,1,10.0,0 days 16:26:59,Retraso leve: problemas típicos de última hora o reparto urbano
braco do rio,ES,1,10.0,1 days 20:27:47,Retraso leve: problemas típicos de última hora o reparto urbano
bonito,MS,1,10.0,8 days 04:08:21.500000,Retraso moderado: problemas recurrentes pero no críticos
bonito,MS,1,10.0,7 days 12:43:02,Retraso moderado: problemas recurrentes pero no críticos
bonfim paulista,SP,1,10.0,28 days 18:52:03,Retrasos severos: rutas largas o problemas logísticos regionales
bombinhas,SC,1,10.0,2 days 13:21:48,Retraso leve: problemas típicos de última hora o reparto urbano
bom repouso,MG,1,10.0,7 days 19:37:33,Retraso moderado: problemas recurrentes pero no críticos
bom principio,RS,1,10.0,17 days 22:50:57,Retrasos severos: rutas largas o problemas logísticos regionales
bom jesus dos perdoes,SP,1,10.0,7 days 16:37:22,Retraso moderado: problemas recurrentes pero no críticos
boituva,SP,1,10.0,6 days 16:56:41,Retraso moderado: problemas recurrentes pero no críticos
bofete,SP,1,10.0,5 days 20:32:25,Retraso moderado: problemas recurrentes pero no críticos
boa vista do gurupi,MA,1,10.0,27 days 12:46:47,Retrasos severos: rutas largas o problemas logísticos regionales
porto esperidiao,MT,1,10.0,23 days 10:27:43,Retrasos severos: rutas largas o problemas logísticos regionales
portela,RJ,1,10.0,6 days 10:52:56,Retraso moderado: problemas recurrentes pero no críticos
porteirinha,MG,1,10.0,7 days 20:18:58,Retraso moderado: problemas recurrentes pero no críticos
ponte nova,MG,1,10.0,2 days 21:12:50,Retraso leve: problemas típicos de última hora o reparto urbano
pontalinda,SP,1,10.0,0 days 20:08:48,Retraso leve: problemas típicos de última hora o reparto urbano
pompeu,MG,1,10.0,11 days 17:08:51,Retrasos severos: rutas largas o problemas logísticos regionales
pombos,PE,1,10.0,0 days 18:33:59,Retraso leve: problemas típicos de última hora o reparto urbano
polo petroquimico de triunfo,RS,1,10.0,3 days 15:51:47,Retraso moderado: problemas recurrentes pero no críticos
pocrane,MG,1,10.0,1 days 16:42:30,Retraso leve: problemas típicos de última hora o reparto urbano
poco verde,SE,1,10.0,19 days 18:49:01,Retrasos severos: rutas largas o problemas logísticos regionales
poco de pedra,RN,1,10.0,5 days 11:04:04,Retraso moderado: problemas recurrentes pero no críticos
planaltina,GO,1,10.0,0 days 01:48:58,Retraso leve: problemas típicos de última hora o reparto urbano
pitangui,MG,1,10.0,0 days 18:32:20,Retraso leve: problemas típicos de última hora o reparto urbano
pitangueiras,SP,1,10.0,0 days 12:48:31,Retraso leve: problemas típicos de última hora o reparto urbano
piripa,BA,1,10.0,2 days 18:11:57,Retraso leve: problemas típicos de última hora o reparto urbano
pires do rio,GO,1,10.0,5 days 20:05:00,Retraso moderado: problemas recurrentes pero no críticos
benevides,PA,1,10.0,12 days 15:18:58,Retrasos severos: rutas largas o problemas logísticos regionales
ibiraja,BA,1,10.0,25 days 14:37:27,Retrasos severos: rutas largas o problemas logísticos regionales
ibimirim,PE,1,10.0,5 days 22:04:44,Retraso moderado: problemas recurrentes pero no críticos
ibiam,SC,1,11.11,0 days 19:46:57,Retraso leve: problemas típicos de última hora o reparto urbano
ibia,MG,1,11.11,0 days 13:09:16,Retraso leve: problemas típicos de última hora o reparto urbano
ibatiba,ES,1,11.11,29 days 15:32:27,Retrasos severos: rutas largas o problemas logísticos regionales
ibate,SP,1,11.11,9 days 00:33:35,Retraso moderado: problemas recurrentes pero no críticos
iapu,MG,1,11.11,35 days 04:52:09,Retrasos severos: rutas largas o problemas logísticos regionales
humildes,BA,1,11.11,42 days 09:13:50,Retrasos severos: rutas largas o problemas logísticos regionales
horizonte,CE,1,11.11,54 days 19:36:57,Retrasos severos: rutas largas o problemas logísticos regionales
hidrolina,GO,1,11.11,8 days 17:50:29,Retraso moderado: problemas recurrentes pero no críticos
guinda,MG,1,11.11,1 days 01:09:00,Retraso leve: problemas típicos de última hora o reparto urbano
guidoval,MG,1,11.11,1 days 21:19:50,Retraso leve: problemas típicos de última hora o reparto urbano
guaruja do sul,SC,1,11.11,3 days 22:41:49,Retraso moderado: problemas recurrentes pero no críticos
guararapes,SP,1,11.11,0 days 17:52:02,Retraso leve: problemas típicos de última hora o reparto urbano
belo jardim,PE,1,11.11,0 days 20:54:43,Retraso leve: problemas típicos de última hora o reparto urbano
quintana,SP,1,11.11,121 days 20:47:58,Retrasos severos: rutas largas o problemas logísticos regionales
quijingue,BA,1,11.11,0 days 13:28:52,Retraso leve: problemas típicos de última hora o reparto urbano
queixada,MG,1,11.11,3 days 13:48:49,Retraso moderado: problemas recurrentes pero no críticos
quatro barras,PR,1,11.11,1 days 15:51:12,Retraso leve: problemas típicos de última hora o reparto urbano
pugmil,TO,1,11.11,4 days 16:24:45,Retraso moderado: problemas recurrentes pero no críticos
primavera,SP,1,11.11,25 days 11:32:51,Retrasos severos: rutas largas o problemas logísticos regionales
presidente tancredo neves,BA,1,11.11,2 days 20:03:22,Retraso leve: problemas típicos de última hora o reparto urbano
presidente epitacio,SP,1,11.11,2 days 23:45:48,Retraso leve: problemas típicos de última hora o reparto urbano
presidente dutra,BA,1,11.11,96 days 14:42:22,Retrasos severos: rutas largas o problemas logísticos regionales
presidente dutra,BA,1,11.11,15 days 07:41:00.666666666,Retrasos severos: rutas largas o problemas logísticos regionales
porto franco,MA,1,11.11,15 days 22:51:27,Retrasos severos: rutas largas o problemas logísticos regionales
boa viagem,CE,1,11.11,4 days 14:11:31,Retraso moderado: problemas recurrentes pero no críticos
boa esperanca do sul,SP,1,11.11,6 days 22:28:25,Retraso moderado: problemas recurrentes pero no críticos
boa esperanca,RJ,1,11.11,5 days 16:05:31,Retraso moderado: problemas recurrentes pero no críticos
bertopolis,MG,1,11.11,10 days 18:42:17,Retrasos severos: rutas largas o problemas logísticos regionales
bernardino de campos,SP,1,11.11,0 days 12:44:41,Retraso leve: problemas típicos de última hora o reparto urbano
bento goncalves,RS,1,11.11,6 days 13:04:18,Retraso moderado: problemas recurrentes pero no críticos
colider,MT,1,11.11,10 days 19:54:31,Retrasos severos: rutas largas o problemas logísticos regionales
cocal,PI,1,11.11,0 days 11:56:46,Retraso leve: problemas típicos de última hora o reparto urbano
coaraci,BA,1,11.11,10 days 10:39:35,Retrasos severos: rutas largas o problemas logísticos regionales
claudio,MG,1,11.11,16 days 19:18:52,Retrasos severos: rutas largas o problemas logísticos regionales
cidade ocidental,GO,1,11.11,11 days 12:42:52,Retrasos severos: rutas largas o problemas logísticos regionales
cidade gaucha,PR,1,11.11,0 days 23:04:58,Retraso leve: problemas típicos de última hora o reparto urbano
cianorte,PR,1,11.11,2 days 20:16:41,Retraso leve: problemas típicos de última hora o reparto urbano
cristalina,GO,1,11.11,6 days 21:09:12,Retraso moderado: problemas recurrentes pero no críticos
cravinhos,SP,1,11.11,4 days 16:19:25,Retraso moderado: problemas recurrentes pero no críticos
redencao,CE,1,11.11,14 days 15:52:25,Retrasos severos: rutas largas o problemas logísticos regionales
redencao,CE,1,11.11,7 days 09:09:24.333333333,Retraso moderado: problemas recurrentes pero no críticos
raul soares,MG,1,11.11,32 days 17:11:19,Retrasos severos: rutas largas o problemas logísticos regionales
rainha do mar,RS,1,11.11,7 days 20:24:31,Retraso moderado: problemas recurrentes pero no críticos
rafard,SP,1,11.11,0 days 10:49:33,Retraso leve: problemas típicos de última hora o reparto urbano
quixere,CE,1,11.11,7 days 20:07:37,Retraso moderado: problemas recurrentes pero no críticos
quixeramobim,CE,1,11.11,10 days 20:37:59,Retrasos severos: rutas largas o problemas logísticos regionales
quixada,CE,1,11.11,25 days 19:43:56,Retrasos severos: rutas largas o problemas logísticos regionales
rio azul,PR,1,11.11,0 days 10:34:35,Retraso leve: problemas típicos de última hora o reparto urbano
ribeiro junqueira,MG,1,11.11,17 days 11:41:13,Retrasos severos: rutas largas o problemas logísticos regionales
ribeirao branco,SP,1,11.11,4 days 17:08:58,Retraso moderado: problemas recurrentes pero no críticos
ribeirao bonito,SP,1,11.11,59 days 20:56:18,Retrasos severos: rutas largas o problemas logísticos regionales
ribeira do pombal,BA,1,11.11,15 days 13:22:48,Retrasos severos: rutas largas o problemas logísticos regionales
rianapolis,GO,1,11.11,33 days 00:12:37,Retrasos severos: rutas largas o problemas logísticos regionales
riacho de santana,BA,1,11.11,7 days 12:46:55,Retraso moderado: problemas recurrentes pero no críticos
riachao do jacuipe,BA,1,11.11,0 days 14:58:06,Retraso leve: problemas típicos de última hora o reparto urbano
resende costa,MG,1,11.11,1 days 13:34:57,Retraso leve: problemas típicos de última hora o reparto urbano
reriutaba,CE,1,11.11,22 days 18:51:55,Retrasos severos: rutas largas o problemas logísticos regionales
remanso,BA,1,11.11,11 days 16:29:11,Retrasos severos: rutas largas o problemas logísticos regionales
registro,SP,1,11.11,3 days 20:22:32,Retraso moderado: problemas recurrentes pero no críticos
conceicao da feira,BA,1,11.11,55 days 09:42:44,Retrasos severos: rutas largas o problemas logísticos regionales
conceicao da barra,ES,1,11.11,0 days 16:13:31,Retraso leve: problemas típicos de última hora o reparto urbano
colonia vitoria,PR,1,11.11,2 days 18:09:07,Retraso leve: problemas típicos de última hora o reparto urbano
colinas,MA,1,11.11,12 days 23:34:25,Retrasos severos: rutas largas o problemas logísticos regionales
rio tinto,PB,1,11.11,11 days 19:09:47,Retrasos severos: rutas largas o problemas logísticos regionales
rio pomba,MG,1,11.11,3 days 15:43:02,Retraso moderado: problemas recurrentes pero no críticos
rio negrinho,SC,1,11.11,1 days 19:38:50,Retraso leve: problemas típicos de última hora o reparto urbano
rio largo,AL,1,11.11,6 days 20:12:46,Retraso moderado: problemas recurrentes pero no críticos
rio grande da serra,SP,1,11.11,2 days 17:42:00,Retraso leve: problemas típicos de última hora o reparto urbano
bela vista do maranhao,MA,1,11.11,10 days 00:11:51,Retrasos severos: rutas largas o problemas logísticos regionales
beberibe,CE,1,11.11,19 days 00:32:22,Retrasos severos: rutas largas o problemas logísticos regionales
batatais,SP,1,11.11,6 days 22:14:51,Retraso moderado: problemas recurrentes pero no críticos
barroso,MG,1,11.11,5 days 19:03:33,Retraso moderado: problemas recurrentes pero no críticos
barro,CE,1,11.11,6 days 09:39:52,Retraso moderado: problemas recurrentes pero no críticos
barra do turvo,SP,1,11.11,20 days 16:32:54,Retrasos severos: rutas largas o problemas logísticos regionales
rio do pires,BA,1,11.11,1 days 12:47:12,Retraso leve: problemas típicos de última hora o reparto urbano
rio das pedras,SP,1,11.11,2 days 19:52:41,Retraso leve: problemas típicos de última hora o reparto urbano
rio claro,RJ,1,11.11,8 days 17:28:30,Retraso moderado: problemas recurrentes pero no críticos
rio claro,RJ,1,11.11,3 days 23:13:39.400000,Retraso moderado: problemas recurrentes pero no críticos
rio brilhante,MS,1,11.11,2 days 23:51:04,Retraso leve: problemas típicos de última hora o reparto urbano
rio bananal,ES,1,11.11,3 days 15:38:38,Retraso moderado: problemas recurrentes pero no críticos
ronda alta,RS,1,11.11,10 days 18:03:34,Retrasos severos: rutas largas o problemas logísticos regionales
rolante,RS,1,11.11,12 days 18:04:41,Retrasos severos: rutas largas o problemas logísticos regionales
guarani,MG,1,11.11,1 days 20:24:52,Retraso leve: problemas típicos de última hora o reparto urbano
guapore,RS,1,11.11,2 days 18:43:24,Retraso leve: problemas típicos de última hora o reparto urbano
guapimirim,RJ,1,11.11,15 days 23:31:54,Retrasos severos: rutas largas o problemas logísticos regionales
guanhaes,MG,1,11.11,8 days 19:52:07,Retraso moderado: problemas recurrentes pero no críticos
guabiruba,SC,1,11.11,1 days 01:12:05,Retraso leve: problemas típicos de última hora o reparto urbano
gravata,PE,1,12.5,5 days 17:33:17,Retraso moderado: problemas recurrentes pero no críticos
grao mogol,MG,1,12.5,6 days 22:48:47,Retraso moderado: problemas recurrentes pero no críticos
granja,CE,1,12.5,35 days 17:08:54,Retrasos severos: rutas largas o problemas logísticos regionales
gouveia,MG,1,12.5,13 days 16:17:48,Retrasos severos: rutas largas o problemas logísticos regionales
goncalves dias,MA,1,12.5,17 days 22:19:13,Retrasos severos: rutas largas o problemas logísticos regionales
goiatuba,GO,1,12.5,28 days 14:02:33,Retrasos severos: rutas largas o problemas logísticos regionales
goianesia,GO,1,12.5,6 days 15:13:08,Retraso moderado: problemas recurrentes pero no críticos
glicerio,SP,1,12.5,5 days 09:23:30.500000,Retraso moderado: problemas recurrentes pero no críticos
glicerio,SP,1,12.5,1 days 12:18:59,Retraso leve: problemas típicos de última hora o reparto urbano
rodolfo fernandes,RN,1,12.5,0 days 20:51:23,Retraso leve: problemas típicos de última hora o reparto urbano
santa cruz da conceicao,SP,1,12.5,5 days 19:27:44,Retraso moderado: problemas recurrentes pero no críticos
santa cruz cabralia,BA,1,12.5,5 days 20:02:27,Retraso moderado: problemas recurrentes pero no críticos
santa cruz,PE,1,12.5,12 days 14:07:40,Retrasos severos: rutas largas o problemas logísticos regionales
santa branca,SP,1,12.5,1 days 22:54:44,Retraso leve: problemas típicos de última hora o reparto urbano
santa barbara do sul,RS,1,12.5,11 days 00:25:36,Retrasos severos: rutas largas o problemas logísticos regionales
santa adelia,SP,1,12.5,4 days 11:56:55,Retraso moderado: problemas recurrentes pero no críticos
sangao,SC,1,12.5,14 days 20:53:03,Retrasos severos: rutas largas o problemas logísticos regionales
sananduva,RS,1,12.5,6 days 19:36:34,Retraso moderado: problemas recurrentes pero no críticos
salto do lontra,PR,1,12.5,5 days 17:27:39,Retraso moderado: problemas recurrentes pero no críticos
salgueiro,PE,1,12.5,19 days 16:58:30,Retrasos severos: rutas largas o problemas logísticos regionales
salgado filho,PR,1,12.5,0 days 12:54:47,Retraso leve: problemas típicos de última hora o reparto urbano
salesopolis,SP,1,12.5,4 days 19:32:09,Retraso moderado: problemas recurrentes pero no críticos
sabara,MG,1,12.5,5 days 22:51:39,Retraso moderado: problemas recurrentes pero no críticos
russas,CE,1,12.5,9 days 19:18:47,Retraso moderado: problemas recurrentes pero no críticos
rubineia,SP,1,12.5,41 days 17:34:42,Retrasos severos: rutas largas o problemas logísticos regionales
rubim,MG,1,12.5,0 days 10:11:48,Retraso leve: problemas típicos de última hora o reparto urbano
santa rosa,RS,1,12.5,5 days 15:28:47,Retraso moderado: problemas recurrentes pero no críticos
santa quiteria do maranhao,MA,1,12.5,8 days 16:37:19,Retraso moderado: problemas recurrentes pero no críticos
santa maria madalena,RJ,1,12.5,8 days 19:49:02,Retraso moderado: problemas recurrentes pero no críticos
santa maria de jetiba,ES,1,12.5,13 days 16:43:40,Retrasos severos: rutas largas o problemas logísticos regionales
santa maria de itabira,MG,1,12.5,3 days 22:25:02,Retraso moderado: problemas recurrentes pero no críticos
santa maria,RJ,1,12.5,56 days 05:12:09,Retrasos severos: rutas largas o problemas logísticos regionales
santa maria,RJ,1,12.5,17 days 11:07:26.266666666,Retrasos severos: rutas largas o problemas logísticos regionales
santa luzia,PB,1,12.5,19 days 10:54:38,Retrasos severos: rutas largas o problemas logísticos regionales
santa luzia,PB,1,12.5,5 days 08:29:29.400000,Retraso moderado: problemas recurrentes pero no críticos
santa juliana,MG,1,12.5,4 days 02:51:53,Retraso moderado: problemas recurrentes pero no críticos
santa ines,BA,1,12.5,13 days 17:03:44,Retrasos severos: rutas largas o problemas logísticos regionales
santa ines,BA,1,12.5,8 days 17:35:27,Retraso moderado: problemas recurrentes pero no críticos
santa helena,PR,1,12.5,6 days 18:02:59,Retraso moderado: problemas recurrentes pero no críticos
santa gertrudes,SP,1,12.5,13 days 21:42:39,Retrasos severos: rutas largas o problemas logísticos regionales
santa fe,PR,1,12.5,11 days 17:28:50,Retrasos severos: rutas largas o problemas logísticos regionales
santa cruz do rio pardo,SP,1,12.5,2 days 17:27:23,Retraso leve: problemas típicos de última hora o reparto urbano
santa cruz do prata,MG,1,12.5,0 days 15:04:48,Retraso leve: problemas típicos de última hora o reparto urbano
santa cruz de salinas,MG,1,12.5,19 days 17:49:03,Retrasos severos: rutas largas o problemas logísticos regionales
santa cruz de goias,GO,1,12.5,63 days 11:10:58,Retrasos severos: rutas largas o problemas logísticos regionales
barra do tarrachil,BA,1,12.5,6 days 15:18:39,Retraso moderado: problemas recurrentes pero no críticos
barra de sao joao,RJ,1,12.5,21 days 21:26:58,Retrasos severos: rutas largas o problemas logísticos regionales
barra de sao francisco,ES,1,12.5,0 days 18:44:54,Retraso leve: problemas típicos de última hora o reparto urbano
barra bonita,SP,1,12.5,4 days 21:34:47,Retraso moderado: problemas recurrentes pero no críticos
barra,BA,1,12.5,14 days 13:48:47,Retrasos severos: rutas largas o problemas logísticos regionales
barcarena,PA,1,12.5,10 days 21:04:06,Retrasos severos: rutas largas o problemas logísticos regionales
banzae,BA,1,12.5,4 days 00:19:03,Retraso moderado: problemas recurrentes pero no críticos
bananeiras,PB,1,12.5,4 days 18:12:42,Retraso moderado: problemas recurrentes pero no críticos
bambui,MG,1,12.5,3 days 13:05:46,Retraso moderado: problemas recurrentes pero no críticos
balneario rincao,SC,1,12.5,1 days 18:59:31,Retraso leve: problemas típicos de última hora o reparto urbano
balneario picarras,SC,1,12.5,17 days 17:18:18,Retrasos severos: rutas largas o problemas logísticos regionales
santana,AP,1,12.5,1 days 12:58:53,Retraso leve: problemas típicos de última hora o reparto urbano
santaluz,BA,1,12.5,104 days 21:18:52,Retrasos severos: rutas largas o problemas logísticos regionales
santa vitoria,MG,1,12.5,4 days 17:20:47,Retraso moderado: problemas recurrentes pero no críticos
santa terezinha,SC,1,12.5,19 days 15:38:59,Retrasos severos: rutas largas o problemas logísticos regionales
santa rosa do sul,SC,1,12.5,8 days 21:56:58,Retraso moderado: problemas recurrentes pero no críticos
sao clemente,PR,1,12.5,0 days 11:28:30,Retraso leve: problemas típicos de última hora o reparto urbano
sao carlos,SC,1,12.5,7 days 04:06:23.250000,Retraso moderado: problemas recurrentes pero no críticos
sao carlos,SC,1,12.5,4 days 16:24:55,Retraso moderado: problemas recurrentes pero no críticos
sao borja,RS,1,12.5,28 days 19:04:39,Retrasos severos: rutas largas o problemas logísticos regionales
sao bento,MA,1,12.5,14 days 17:19:04,Retrasos severos: rutas largas o problemas logísticos regionales
santos dumont,MG,1,12.5,1 days 13:28:02,Retraso leve: problemas típicos de última hora o reparto urbano
santo cristo,RS,1,12.5,6 days 20:57:53,Retraso moderado: problemas recurrentes pero no críticos
santo augusto,RS,1,12.5,14 days 22:09:39,Retrasos severos: rutas largas o problemas logísticos regionales
santo antonio do jacinto,MG,1,12.5,4 days 04:38:39,Retraso moderado: problemas recurrentes pero no críticos
santo antonio do descoberto,GO,1,12.5,5 days 20:46:47,Retraso moderado: problemas recurrentes pero no críticos
santo antonio do canaa,ES,1,12.5,2 days 00:28:50,Retraso leve: problemas típicos de última hora o reparto urbano
santo antonio de jesus,BA,1,12.5,0 days 14:22:37,Retraso leve: problemas típicos de última hora o reparto urbano
santo amaro de campos,RJ,1,12.5,7 days 00:18:47,Retraso moderado: problemas recurrentes pero no críticos
santiago,RS,1,12.5,3 days 14:26:38,Retraso moderado: problemas recurrentes pero no críticos
santana do paraiso,MG,1,12.5,1 days 18:39:34,Retraso leve: problemas típicos de última hora o reparto urbano
santana do jacare,MG,1,12.5,15 days 18:54:16,Retrasos severos: rutas largas o problemas logísticos regionales
santana da vargem,MG,1,12.5,2 days 19:48:24,Retraso leve: problemas típicos de última hora o reparto urbano
sao joao do paraiso,MA,1,12.5,11 days 11:59:00,Retrasos severos: rutas largas o problemas logísticos regionales
sao joao de iracema,SP,1,12.5,1 days 20:13:00,Retraso leve: problemas típicos de última hora o reparto urbano
sao joao da mata,MG,1,12.5,0 days 11:05:21,Retraso leve: problemas típicos de última hora o reparto urbano
sao joao da barra,RJ,1,12.5,14 days 21:32:43,Retrasos severos: rutas largas o problemas logísticos regionales
sao joao d'alianca,GO,1,12.5,9 days 16:08:40,Retraso moderado: problemas recurrentes pero no críticos
sao joao batista,SC,1,12.5,8 days 21:19:02,Retraso moderado: problemas recurrentes pero no críticos
sao joao batista,SC,1,12.5,6 days 20:38:35,Retraso moderado: problemas recurrentes pero no críticos
sao joao batista,MA,1,12.5,8 days 21:19:02,Retraso moderado: problemas recurrentes pero no críticos
sao joao batista,MA,1,12.5,6 days 20:38:35,Retraso moderado: problemas recurrentes pero no críticos
sao joao,PR,1,12.5,2 days 04:47:36,Retraso leve: problemas típicos de última hora o reparto urbano
sao goncalo do para,MG,1,12.5,2 days 20:39:46,Retraso leve: problemas típicos de última hora o reparto urbano
sao goncalo do amarante,RN,1,12.5,5 days 15:48:46,Retraso moderado: problemas recurrentes pero no críticos
sao goncalo do amarante,RN,1,12.5,3 days 17:09:52,Retraso moderado: problemas recurrentes pero no críticos
sao goncalo do amarante,CE,1,12.5,5 days 15:48:46,Retraso moderado: problemas recurrentes pero no críticos
sao goncalo do amarante,CE,1,12.5,3 days 17:09:52,Retraso moderado: problemas recurrentes pero no críticos
sao francisco de itabapoana,RJ,1,12.5,15 days 21:06:03,Retrasos severos: rutas largas o problemas logísticos regionales
sao francisco de assis,RS,1,12.5,23 days 12:46:38,Retrasos severos: rutas largas o problemas logísticos regionales
sao felix,BA,1,12.5,3 days 19:20:49,Retraso moderado: problemas recurrentes pero no críticos
sao felipe,BA,1,12.5,12 days 16:36:47,Retrasos severos: rutas largas o problemas logísticos regionales
sao domingos do norte,ES,1,12.5,38 days 11:46:32,Retrasos severos: rutas largas o problemas logísticos regionales
astolfo dutra,MG,1,12.5,3 days 19:11:12,Retraso moderado: problemas recurrentes pero no críticos
assuncao,PB,1,12.5,17 days 15:54:32,Retrasos severos: rutas largas o problemas logísticos regionales
assis chateaubriand,PR,1,12.5,2 days 16:50:59,Retraso leve: problemas típicos de última hora o reparto urbano
assis,SP,1,12.5,20 days 09:48:08,Retrasos severos: rutas largas o problemas logísticos regionales
assai,PR,1,12.5,9 days 11:11:50,Retraso moderado: problemas recurrentes pero no críticos
ascurra,SC,1,12.5,18 days 21:58:51,Retrasos severos: rutas largas o problemas logísticos regionales
aruja,SP,1,12.5,0 days 22:29:40,Retraso leve: problemas típicos de última hora o reparto urbano
arroio grande,RS,1,12.5,2 days 22:46:40,Retraso leve: problemas típicos de última hora o reparto urbano
arraial d'ajuda,BA,1,12.5,2 days 00:06:28,Retraso leve: problemas típicos de última hora o reparto urbano
sao jose do cedro,SC,1,12.5,5 days 16:36:50,Retraso moderado: problemas recurrentes pero no críticos
sao jose do belmonte,PE,1,12.5,0 days 01:32:07,Retraso leve: problemas típicos de última hora o reparto urbano
sao jose da laje,AL,1,12.5,0 days 14:37:03,Retraso leve: problemas típicos de última hora o reparto urbano
sao jose da coroa grande,PE,1,12.5,1 days 22:44:47,Retraso leve: problemas típicos de última hora o reparto urbano
sao joaquim de bicas,MG,1,14.29,2 days 15:32:51,Retraso leve: problemas típicos de última hora o reparto urbano
sao joao nepomuceno,MG,1,14.29,0 days 23:32:35,Retraso leve: problemas típicos de última hora o reparto urbano
sao joao dos patos,MA,1,14.29,16 days 22:58:47,Retrasos severos: rutas largas o problemas logísticos regionales
glaura,MG,1,14.29,37 days 11:20:59,Retrasos severos: rutas largas o problemas logísticos regionales
girua,RS,1,14.29,7 days 01:58:44,Retraso moderado: problemas recurrentes pero no críticos
gilbues,PI,1,14.29,4 days 19:29:59,Retraso moderado: problemas recurrentes pero no críticos
getulio vargas,RS,1,14.29,0 days 16:27:20,Retraso leve: problemas típicos de última hora o reparto urbano
general salgado,SP,1,14.29,0 days 19:48:24,Retraso leve: problemas típicos de última hora o reparto urbano
general carneiro,PR,1,14.29,3 days 19:58:59,Retraso moderado: problemas recurrentes pero no críticos
gaspar,SC,1,14.29,33 days 22:21:42,Retrasos severos: rutas largas o problemas logísticos regionales
garopaba,SC,1,14.29,2 days 18:58:38,Retraso leve: problemas típicos de última hora o reparto urbano
garanhuns,PE,1,14.29,0 days 14:57:03,Retraso leve: problemas típicos de última hora o reparto urbano
gameleira,PE,1,14.29,41 days 02:24:33,Retrasos severos: rutas largas o problemas logísticos regionales
fronteira,MG,1,14.29,0 days 11:19:08,Retraso leve: problemas típicos de última hora o reparto urbano
frederico westphalen,RS,1,14.29,9 days 16:42:30,Retraso moderado: problemas recurrentes pero no críticos
frecheirinha,CE,1,14.29,9 days 23:34:42,Retraso moderado: problemas recurrentes pero no críticos
franco da rocha,SP,1,14.29,3 days 21:32:46,Retraso moderado: problemas recurrentes pero no críticos
francisco beltrao,PR,1,14.29,6 days 16:12:29,Retraso moderado: problemas recurrentes pero no críticos
atilio vivacqua,ES,1,14.29,1 days 11:58:58,Retraso leve: problemas típicos de última hora o reparto urbano
corrego fundo,MG,1,14.29,1 days 19:32:52,Retraso leve: problemas típicos de última hora o reparto urbano
coronel vivida,PR,1,14.29,0 days 20:03:38,Retraso leve: problemas típicos de última hora o reparto urbano
coroata,MA,1,14.29,1 days 14:26:41,Retraso leve: problemas típicos de última hora o reparto urbano
coremas,PB,1,14.29,0 days 16:42:23,Retraso leve: problemas típicos de última hora o reparto urbano
cordeiro,RJ,1,14.29,4 days 17:03:43,Retraso moderado: problemas recurrentes pero no críticos
conservatoria,RJ,1,14.29,20 days 14:09:40,Retrasos severos: rutas largas o problemas logísticos regionales
sao pedro do iguacu,PR,1,14.29,10 days 12:14:41,Retrasos severos: rutas largas o problemas logísticos regionales
sao miguel do iguacu,PR,1,14.29,1 days 12:31:42,Retraso leve: problemas típicos de última hora o reparto urbano
sao miguel do gostoso,RN,1,14.29,12 days 18:54:34,Retrasos severos: rutas largas o problemas logísticos regionales
sao mateus do maranhao,MA,1,14.29,4 days 21:54:47,Retraso moderado: problemas recurrentes pero no críticos
sao mateus de minas,MG,1,14.29,1 days 18:45:51,Retraso leve: problemas típicos de última hora o reparto urbano
sao luis do quitunde,AL,1,14.29,15 days 12:11:33,Retrasos severos: rutas largas o problemas logísticos regionales
sao jose do vale do rio preto,RJ,1,14.29,15 days 20:07:03,Retrasos severos: rutas largas o problemas logísticos regionales
sao jose do turvo,RJ,1,14.29,1 days 12:51:33,Retraso leve: problemas típicos de última hora o reparto urbano
sao jose do ouro,RS,1,14.29,9 days 22:58:35,Retraso moderado: problemas recurrentes pero no críticos
avelar,RJ,1,14.29,8 days 20:14:46,Retraso moderado: problemas recurrentes pero no críticos
aroeiras,PB,1,14.29,7 days 18:55:46,Retraso moderado: problemas recurrentes pero no críticos
arneiroz,CE,1,14.29,4 days 15:32:34,Retraso moderado: problemas recurrentes pero no críticos
ariquemes,RO,1,14.29,8 days 09:44:13,Retraso moderado: problemas recurrentes pero no críticos
arembepe,BA,1,14.29,12 days 14:18:03,Retrasos severos: rutas largas o problemas logísticos regionales
areia,PB,1,14.29,10 days 13:20:50,Retrasos severos: rutas largas o problemas logísticos regionales
arcoverde,PE,1,14.29,5 days 10:16:38,Retraso moderado: problemas recurrentes pero no críticos
arcos,MG,1,14.29,22 days 11:14:31,Retrasos severos: rutas largas o problemas logísticos regionales
ararangua,SC,1,14.29,0 days 12:18:49,Retraso leve: problemas típicos de última hora o reparto urbano
sao sebastiao do cai,RS,1,14.29,7 days 19:53:05,Retraso moderado: problemas recurrentes pero no críticos
sao sebastiao de campos,RJ,1,14.29,6 days 22:14:54,Retraso moderado: problemas recurrentes pero no críticos
sao sebastiao da grama,SP,1,14.29,6 days 17:10:50,Retraso moderado: problemas recurrentes pero no críticos
sao roque do canaa,ES,1,14.29,20 days 23:56:29,Retrasos severos: rutas largas o problemas logísticos regionales
coxilha,RS,1,14.29,11 days 14:10:25,Retrasos severos: rutas largas o problemas logísticos regionales
couto de magalhaes,TO,1,14.29,2 days 00:03:18,Retraso leve: problemas típicos de última hora o reparto urbano
cosmopolis,SP,1,14.29,3 days 13:22:04,Retraso moderado: problemas recurrentes pero no críticos
correia pinto,SC,1,14.29,5 days 18:47:31,Retraso moderado: problemas recurrentes pero no críticos
sarapui,SP,1,14.29,28 days 20:11:35,Retrasos severos: rutas largas o problemas logísticos regionales
fraiburgo,SC,1,14.29,8 days 23:18:38,Retraso moderado: problemas recurrentes pero no críticos
fragosos,SC,1,14.29,1 days 08:58:23,Retraso leve: problemas típicos de última hora o reparto urbano
formoso do araguaia,TO,1,14.29,7 days 23:48:54,Retraso moderado: problemas recurrentes pero no críticos
formosa do rio preto,BA,1,14.29,14 days 15:04:15,Retrasos severos: rutas largas o problemas logísticos regionales
formosa da serra negra,MA,1,14.29,6 days 22:20:51,Retraso moderado: problemas recurrentes pero no críticos
chaveslandia,MG,1,14.29,18 days 20:02:08,Retrasos severos: rutas largas o problemas logísticos regionales
chapada gaucha,MG,1,14.29,8 days 06:44:22,Retraso moderado: problemas recurrentes pero no críticos
chapada dos guimaraes,MT,1,14.29,5 days 15:04:35,Retraso moderado: problemas recurrentes pero no críticos
chapada do norte,MG,1,14.29,29 days 22:32:38,Retrasos severos: rutas largas o problemas logísticos regionales
chapada,RS,1,14.29,13 days 16:56:34,Retrasos severos: rutas largas o problemas logísticos regionales
ceu azul,PR,1,14.29,16 days 21:04:37,Retrasos severos: rutas largas o problemas logísticos regionales
cerro largo,RS,1,14.29,1 days 23:25:35,Retraso leve: problemas típicos de última hora o reparto urbano
central,BA,1,14.29,12 days 09:50:12,Retrasos severos: rutas largas o problemas logísticos regionales
sao vicente,RN,1,14.29,26 days 23:41:52,Retrasos severos: rutas largas o problemas logísticos regionales
sao vicente,RN,1,14.29,9 days 12:39:39.421052631,Retraso moderado: problemas recurrentes pero no críticos
sao tiago,MG,1,14.29,4 days 01:12:04,Retraso moderado: problemas recurrentes pero no críticos
severinia,SP,1,14.29,3 days 19:13:24,Retraso moderado: problemas recurrentes pero no críticos
severiano melo,RN,1,14.29,4 days 14:19:53,Retraso moderado: problemas recurrentes pero no críticos
sertaozinho,SP,1,14.29,4 days 17:31:37,Retraso moderado: problemas recurrentes pero no críticos
sertania,PE,1,14.29,2 days 23:08:53,Retraso leve: problemas típicos de última hora o reparto urbano
serrita,PE,1,14.29,7 days 11:54:14,Retraso moderado: problemas recurrentes pero no críticos
serrinha,BA,1,14.29,1 days 19:09:15,Retraso leve: problemas típicos de última hora o reparto urbano
serrania,MG,1,14.29,3 days 16:59:43,Retraso moderado: problemas recurrentes pero no críticos
serrana,SP,1,14.29,4 days 18:48:07,Retraso moderado: problemas recurrentes pero no críticos
serra dos dourados,PR,1,14.29,52 days 16:03:24,Retrasos severos: rutas largas o problemas logísticos regionales
serra do ramalho,BA,1,14.29,2 days 14:08:39,Retraso leve: problemas típicos de última hora o reparto urbano
serra azul,SP,1,14.29,4 days 21:32:44,Retraso moderado: problemas recurrentes pero no críticos
senhora de oliveira,MG,1,14.29,6 days 12:27:22,Retraso moderado: problemas recurrentes pero no críticos
senador pompeu,CE,1,14.29,5 days 19:14:40,Retraso moderado: problemas recurrentes pero no críticos
sede alvorada,PR,1,14.29,7 days 14:13:53,Retraso moderado: problemas recurrentes pero no críticos
saude,BA,1,14.29,7 days 21:18:39,Retraso moderado: problemas recurrentes pero no críticos
sarzedo,MG,1,14.29,4 days 19:19:15,Retraso moderado: problemas recurrentes pero no críticos
tambau,SP,1,14.29,13 days 23:42:46,Retrasos severos: rutas largas o problemas logísticos regionales
taio,SC,1,14.29,7 days 19:28:26,Retraso moderado: problemas recurrentes pero no críticos
tailandia,PA,1,14.29,6 days 17:27:55,Retraso moderado: problemas recurrentes pero no críticos
tacaratu,PE,1,14.29,28 days 15:51:55,Retrasos severos: rutas largas o problemas logísticos regionales
tabuleiro do norte,CE,1,14.29,6 days 22:37:27,Retraso moderado: problemas recurrentes pero no críticos
tabira,PE,1,14.29,21 days 17:46:27,Retrasos severos: rutas largas o problemas logísticos regionales
tabatinga,SP,1,14.29,0 days 23:42:46,Retraso leve: problemas típicos de última hora o reparto urbano
sooretama,ES,1,14.29,4 days 16:21:32,Retraso moderado: problemas recurrentes pero no críticos
sitio novo do tocantins,TO,1,14.29,7 days 00:22:24,Retraso moderado: problemas recurrentes pero no críticos
aramina,SP,1,14.29,4 days 15:24:51,Retraso moderado: problemas recurrentes pero no críticos
aracuai,MG,1,14.29,8 days 14:30:04,Retraso moderado: problemas recurrentes pero no críticos
aracoiaba,PE,1,14.29,0 days 21:22:39,Retraso leve: problemas típicos de última hora o reparto urbano
apora,BA,1,14.29,12 days 15:28:21,Retrasos severos: rutas largas o problemas logísticos regionales
simoes filho,BA,1,14.29,0 days 16:10:44,Retraso leve: problemas típicos de última hora o reparto urbano
silvania,GO,1,14.29,4 days 22:45:51,Retraso moderado: problemas recurrentes pero no críticos
sidrolandia,MS,1,14.29,1 days 19:48:39,Retraso leve: problemas típicos de última hora o reparto urbano
cedral,SP,1,14.29,6 days 15:42:13,Retraso moderado: problemas recurrentes pero no críticos
formiga,MG,1,14.29,2 days 19:21:12,Retraso leve: problemas típicos de última hora o reparto urbano
fernandopolis,SP,1,14.29,7 days 19:22:57,Retraso moderado: problemas recurrentes pero no críticos
feliz,RS,1,14.29,1 days 18:46:38,Retraso leve: problemas típicos de última hora o reparto urbano
felicio dos santos,MG,1,14.29,27 days 17:17:31,Retrasos severos: rutas largas o problemas logísticos regionales
faxinal,PR,1,14.29,1 days 20:08:07,Retraso leve: problemas típicos de última hora o reparto urbano
extremoz,RN,1,14.29,4 days 20:59:18,Retraso moderado: problemas recurrentes pero no críticos
extrema,MG,1,14.29,1 days 17:38:52,Retraso leve: problemas típicos de última hora o reparto urbano
estancia,SE,1,14.29,6 days 13:22:16,Retraso moderado: problemas recurrentes pero no críticos
teofilandia,BA,1,14.29,15 days 21:27:24,Retrasos severos: rutas largas o problemas logísticos regionales
teixeiras,MG,1,14.29,15 days 19:58:44,Retrasos severos: rutas largas o problemas logísticos regionales
tatui,SP,1,14.29,3 days 18:22:45,Retraso moderado: problemas recurrentes pero no críticos
taquaracu de minas,MG,1,14.29,3 days 17:03:06,Retraso moderado: problemas recurrentes pero no críticos
tapiratiba,SP,1,14.29,5 days 18:32:18,Retraso moderado: problemas recurrentes pero no críticos
tapirai,SP,1,14.29,9 days 18:24:58,Retraso moderado: problemas recurrentes pero no críticos
tanque novo,BA,1,14.29,4 days 22:28:29,Retraso moderado: problemas recurrentes pero no críticos
aparecida do taboado,MS,1,14.29,5 days 21:21:32,Retraso moderado: problemas recurrentes pero no críticos
antonio pereira,MG,1,14.29,2 days 18:46:56,Retraso leve: problemas típicos de última hora o reparto urbano
antonio martins,RN,1,14.29,0 days 20:39:41,Retraso leve: problemas típicos de última hora o reparto urbano
anicuns,GO,1,14.29,0 days 18:22:50,Retraso leve: problemas típicos de última hora o reparto urbano
angatuba,SP,1,14.29,19 days 17:03:13,Retrasos severos: rutas largas o problemas logísticos regionales
andrelandia,MG,1,14.29,5 days 11:47:59,Retraso moderado: problemas recurrentes pero no críticos
andradas,MG,1,14.29,4 days 19:21:39,Retraso moderado: problemas recurrentes pero no críticos
anchieta,ES,1,14.29,20 days 14:36:20,Retrasos severos: rutas largas o problemas logísticos regionales
tramandai,RS,1,14.29,13 days 18:27:01,Retrasos severos: rutas largas o problemas logísticos regionales
torrinha,SP,1,14.29,8 days 17:25:58,Retraso moderado: problemas recurrentes pero no críticos
torres,RS,1,14.29,5 days 15:07:57,Retraso moderado: problemas recurrentes pero no críticos
tocantinopolis,TO,1,14.29,6 days 15:53:31,Retraso moderado: problemas recurrentes pero no críticos
timoteo,MG,1,14.29,18 days 18:41:32,Retrasos severos: rutas largas o problemas logísticos regionales
timbauba,PE,1,14.29,6 days 07:49:51,Retraso moderado: problemas recurrentes pero no críticos
teotonio vilela,AL,1,14.29,1 days 18:32:29,Retraso leve: problemas típicos de última hora o reparto urbano
cedro de sao joao,SE,1,14.29,7 days 07:42:04,Retraso moderado: problemas recurrentes pero no críticos
urbano santos,MA,1,16.67,28 days 15:17:35,Retrasos severos: rutas largas o problemas logísticos regionales
una,BA,1,16.67,13 days 12:32:08,Retrasos severos: rutas largas o problemas logísticos regionales
umbauba,SE,1,16.67,22 days 18:34:25,Retrasos severos: rutas largas o problemas logísticos regionales
ubajara,CE,1,16.67,15 days 17:11:18,Retrasos severos: rutas largas o problemas logísticos regionales
ubaira,BA,1,16.67,6 days 16:32:41,Retraso moderado: problemas recurrentes pero no críticos
uaua,BA,1,16.67,0 days 15:08:34,Retraso leve: problemas típicos de última hora o reparto urbano
tururu,CE,1,16.67,1 days 22:48:44,Retraso leve: problemas típicos de última hora o reparto urbano
tupancireta,RS,1,16.67,8 days 21:09:22,Retraso moderado: problemas recurrentes pero no críticos
tucuma,PA,1,16.67,5 days 18:24:39,Retraso moderado: problemas recurrentes pero no críticos
tucano,BA,1,16.67,5 days 01:52:58,Retraso moderado: problemas recurrentes pero no críticos
trombudo central,SC,1,16.67,5 days 18:04:15,Retraso moderado: problemas recurrentes pero no críticos
trindade,PE,1,16.67,23 days 23:33:31,Retrasos severos: rutas largas o problemas logísticos regionales
trindade,PE,1,16.67,3 days 08:29:12,Retraso moderado: problemas recurrentes pero no críticos
treze tilias,SC,1,16.67,13 days 19:38:55,Retrasos severos: rutas largas o problemas logísticos regionales
tres pontas,MG,1,16.67,0 days 18:41:06,Retraso leve: problemas típicos de última hora o reparto urbano
tres passos,RS,1,16.67,7 days 20:29:39,Retraso moderado: problemas recurrentes pero no críticos
apiai,SP,1,16.67,3 days 11:33:34,Retraso moderado: problemas recurrentes pero no críticos
aimores,MG,1,16.67,2 days 09:54:17,Retraso leve: problemas típicos de última hora o reparto urbano
zacarias,SP,1,16.67,0 days 21:07:27,Retraso leve: problemas típicos de última hora o reparto urbano
vinhedo,SP,1,16.67,4 days 03:03:38,Retraso moderado: problemas recurrentes pero no críticos
conchal,SP,1,16.67,8 days 20:21:17,Retraso moderado: problemas recurrentes pero no críticos
conceicao do tocantins,TO,1,16.67,0 days 19:34:36,Retraso leve: problemas típicos de última hora o reparto urbano
conceicao do coite,BA,1,16.67,2 days 19:27:38,Retraso leve: problemas típicos de última hora o reparto urbano
conceicao do araguaia,PA,1,16.67,5 days 17:53:02,Retraso moderado: problemas recurrentes pero no críticos
votuporanga,SP,1,16.67,2 days 01:36:29,Retraso leve: problemas típicos de última hora o reparto urbano
volta grande,MG,1,16.67,5 days 09:58:12,Retraso moderado: problemas recurrentes pero no críticos
vitoria de santo antao,PE,1,16.67,13 days 19:47:55,Retrasos severos: rutas largas o problemas logísticos regionales
vista alegre do alto,SP,1,16.67,10 days 17:22:18,Retrasos severos: rutas largas o problemas logísticos regionales
virgem da lapa,MG,1,16.67,1 days 08:06:33,Retraso leve: problemas típicos de última hora o reparto urbano
viradouro,SP,1,16.67,0 days 22:08:59,Retraso leve: problemas típicos de última hora o reparto urbano
abaiara,CE,1,16.67,12 days 13:08:37,Retrasos severos: rutas largas o problemas logísticos regionales
vila valerio,ES,1,16.67,30 days 08:29:43,Retrasos severos: rutas largas o problemas logísticos regionales
vargem grande do rio pardo,MG,1,16.67,4 days 15:22:35,Retraso moderado: problemas recurrentes pero no críticos
alto paraiso de goias,GO,1,16.67,4 days 17:52:20,Retraso moderado: problemas recurrentes pero no críticos
alto araguaia,MT,1,16.67,7 days 00:15:11,Retraso moderado: problemas recurrentes pero no críticos
varre-sai,RJ,1,16.67,29 days 16:47:02,Retrasos severos: rutas largas o problemas logísticos regionales
adamantina,SP,1,16.67,0 days 17:33:28,Retraso leve: problemas típicos de última hora o reparto urbano
adhemar de barros,PR,1,16.67,73 days 00:16:50,Retrasos severos: rutas largas o problemas logísticos regionales
concordia do para,PA,1,16.67,8 days 15:49:44,Retraso moderado: problemas recurrentes pero no críticos
conchas,SP,1,16.67,2 days 16:47:01,Retraso leve: problemas típicos de última hora o reparto urbano
vera cruz,SP,1,16.67,28 days 15:30:11.250000,Retrasos severos: rutas largas o problemas logísticos regionales
vera cruz,SP,1,16.67,9 days 23:24:47,Retraso moderado: problemas recurrentes pero no críticos
venturosa,PE,1,16.67,15 days 15:02:59,Retrasos severos: rutas largas o problemas logísticos regionales
venancio aires,RS,1,16.67,7 days 12:41:13,Retraso moderado: problemas recurrentes pero no críticos
analandia,SP,1,16.67,1 days 20:48:43,Retraso leve: problemas típicos de última hora o reparto urbano
ampere,PR,1,16.67,0 days 16:37:00,Retraso leve: problemas típicos de última hora o reparto urbano
vila pereira,MG,1,16.67,1 days 13:52:27,Retraso leve: problemas típicos de última hora o reparto urbano
vila nova do sul,RS,1,16.67,0 days 09:36:50,Retraso leve: problemas típicos de última hora o reparto urbano
alcobaca,BA,1,16.67,2 days 06:32:10,Retraso leve: problemas típicos de última hora o reparto urbano
ajapi,SP,1,16.67,5 days 05:46:00,Retraso moderado: problemas recurrentes pero no críticos
